-- phpMyAdmin SQL Dump
-- version 3.5.1
-- http://www.phpmyadmin.net
--
-- Client: localhost
-- Généré le: Mar 01 Juillet 2014 à 08:56
-- Version du serveur: 5.5.20
-- Version de PHP: 5.4.3

SET SQL_MODE="NO_AUTO_VALUE_ON_ZERO";
SET time_zone = "+00:00";

--
-- Base de données: `TS1CIRA`
--

-- --------------------------------------------------------

--
-- Structure de la table `absences`
--

CREATE TABLE `absences` (
  `Nom` varchar(20) NOT NULL,
  `Date` varchar(20) NOT NULL,
  `Heure` varchar(20) NOT NULL,
  `Etat` varchar(10) NOT NULL,
  `id` int(11) NOT NULL AUTO_INCREMENT,
  PRIMARY KEY (`id`),
  UNIQUE KEY `id` (`id`)
) ENGINE=MyISAM  DEFAULT CHARSET=latin1 AUTO_INCREMENT=477 ;

--
-- Contenu de la table `absences`
--

INSERT INTO `absences` (`Nom`, `Date`, `Heure`, `Etat`, `id`) VALUES
('Alaoui', 'Lu 09-09', '06', 'Retard', 1),
('Andreani', 'Lu 09-09', '06', 'Present', 2),
('Arcas', 'Lu 09-09', '06', 'Present', 3),
('Auda', 'Lu 09-09', '06', 'Present', 4),
('Berchid', 'Lu 09-09', '06', 'Present', 5),
('Colas', 'Lu 09-09', '06', 'Present', 6),
('Dethorey', 'Lu 09-09', '06', 'Present', 7),
('Golleret', 'Lu 09-09', '06', 'Present', 8),
('Krout', 'Lu 09-09', '06', 'Present', 9),
('Paladini', 'Lu 09-09', '06', 'Present', 10),
('Raffellini', 'Lu 09-09', '06', 'Present', 11),
('Rein', 'Lu 09-09', '06', 'Present', 12),
('Roussel', 'Lu 09-09', '06', 'Present', 13),
('Russo', 'Lu 09-09', '06', 'Present', 14),
('Santoni', 'Lu 09-09', '06', 'Present', 15),
('Savelli', 'Lu 09-09', '06', 'Present', 16),
('Semenadisse', 'Lu 09-09', '06', 'Present', 17),
('Vaiarello', 'Lu 09-09', '06', 'Present', 18),
('Andreani', 'Lu 16-09', '06', 'Absent', 19),
('Arcas', 'Lu 16-09', '06', 'Present', 20),
('Auda', 'Lu 16-09', '06', 'Retard', 21),
('Colas', 'Lu 16-09', '06', 'Present', 22),
('Crivello', 'Lu 16-09', '06', 'Present', 23),
('Dethorey', 'Lu 16-09', '06', 'Present', 24),
('Golleret', 'Lu 16-09', '06', 'Retard', 25),
('Krout', 'Lu 16-09', '06', 'Present', 26),
('Paladini', 'Lu 16-09', '06', 'Present', 27),
('Raffellini', 'Lu 16-09', '06', 'Absent', 28),
('Rein', 'Lu 16-09', '06', 'Present', 29),
('Roussel', 'Lu 16-09', '06', 'Present', 30),
('Russo', 'Lu 16-09', '06', 'Present', 31),
('Santoni', 'Lu 16-09', '06', 'Present', 32),
('Savelli', 'Lu 16-09', '06', 'Present', 33),
('Semenadisse', 'Lu 16-09', '06', 'Present', 34),
('Vaiarello', 'Lu 16-09', '06', 'Retard', 35),
('Andreani', 'Lu 23-09', '06', 'Present', 36),
('Arcas', 'Lu 23-09', '06', 'Present', 37),
('Auda', 'Lu 23-09', '06', 'Absent', 38),
('Colas', 'Lu 23-09', '06', 'Present', 39),
('Crivello', 'Lu 23-09', '06', 'Retard', 40),
('Dethorey', 'Lu 23-09', '06', 'Present', 41),
('Golleret', 'Lu 23-09', '06', 'Present', 42),
('Krout', 'Lu 23-09', '06', 'Present', 43),
('Paladini', 'Lu 23-09', '06', 'Absent', 44),
('Raffellini', 'Lu 23-09', '06', 'Present', 45),
('Rein', 'Lu 23-09', '06', 'Present', 46),
('Roussel', 'Lu 23-09', '06', 'Present', 47),
('Russo', 'Lu 23-09', '06', 'Present', 48),
('Santoni', 'Lu 23-09', '06', 'Present', 49),
('Savelli', 'Lu 23-09', '06', 'Present', 50),
('Semenadisse', 'Lu 23-09', '06', 'Present', 51),
('Vaiarello', 'Lu 23-09', '06', 'Present', 52),
('Andreani', 'Lu 30-09', '06', 'Retard', 53),
('Arcas', 'Lu 30-09', '06', 'Present', 54),
('Auda', 'Lu 30-09', '06', 'Absent', 55),
('Colas', 'Lu 30-09', '06', 'Present', 56),
('Crivello', 'Lu 30-09', '06', 'Present', 57),
('Dethorey', 'Lu 30-09', '06', 'Present', 58),
('Golleret', 'Lu 30-09', '06', 'Present', 59),
('Krout', 'Lu 30-09', '06', 'Present', 60),
('Paladini', 'Lu 30-09', '06', 'Retard', 61),
('Raffellini', 'Lu 30-09', '06', 'Present', 62),
('Rein', 'Lu 30-09', '06', 'Present', 63),
('Roussel', 'Lu 30-09', '06', 'Present', 64),
('Russo', 'Lu 30-09', '06', 'Retard', 65),
('Santoni', 'Lu 30-09', '06', 'Present', 66),
('Savelli', 'Lu 30-09', '06', 'Present', 67),
('Semenadisse', 'Lu 30-09', '06', 'Present', 68),
('Vaiarello', 'Lu 30-09', '06', 'Present', 69),
('Andreani', 'Lu 07-10', '06', 'Retard', 70),
('Arcas', 'Lu 07-10', '06', 'Present', 71),
('Auda', 'Lu 07-10', '06', 'Retard', 72),
('Colas', 'Lu 07-10', '06', 'Present', 73),
('Crivello', 'Lu 07-10', '06', 'Absent', 74),
('Dethorey', 'Lu 07-10', '06', 'Present', 75),
('Golleret', 'Lu 07-10', '06', 'Present', 76),
('Krout', 'Lu 07-10', '06', 'Present', 77),
('Paladini', 'Lu 07-10', '06', 'Retard', 78),
('Raffellini', 'Lu 07-10', '06', 'Present', 79),
('Rein', 'Lu 07-10', '06', 'Absent', 80),
('Roussel', 'Lu 07-10', '06', 'Present', 81),
('Russo', 'Lu 07-10', '06', 'Present', 82),
('Santoni', 'Lu 07-10', '06', 'Present', 83),
('Savelli', 'Lu 07-10', '06', 'Present', 84),
('Semenadisse', 'Lu 07-10', '06', 'Present', 85),
('Vaiarello', 'Lu 07-10', '06', 'Present', 86),
('Andreani', 'Lu 14-10', '07', 'Absent', 87),
('Arcas', 'Lu 14-10', '07', 'Present', 88),
('Auda', 'Lu 14-10', '07', 'Present', 89),
('Colas', 'Lu 14-10', '07', 'Present', 90),
('Crivello', 'Lu 14-10', '07', 'Present', 91),
('Dethorey', 'Lu 14-10', '07', 'Present', 92),
('Golleret', 'Lu 14-10', '07', 'Present', 93),
('Krout', 'Lu 14-10', '07', 'Present', 94),
('Paladini', 'Lu 14-10', '07', 'Present', 95),
('Raffellini', 'Lu 14-10', '07', 'Present', 96),
('Rein', 'Lu 14-10', '07', 'Present', 97),
('Roussel', 'Lu 14-10', '07', 'Present', 98),
('Russo', 'Lu 14-10', '07', 'Present', 99),
('Santoni', 'Lu 14-10', '07', 'Present', 100),
('Savelli', 'Lu 14-10', '07', 'Present', 101),
('Semenadisse', 'Lu 14-10', '07', 'Present', 102),
('Vaiarello', 'Lu 14-10', '07', 'Present', 103),
('Andreani', 'Lu 04-11', '07', 'Retard', 104),
('Arcas', 'Lu 04-11', '07', 'Present', 105),
('Auda', 'Lu 04-11', '07', 'Absent', 106),
('Colas', 'Lu 04-11', '07', 'Present', 107),
('Crivello', 'Lu 04-11', '07', 'Absent', 108),
('Dethorey', 'Lu 04-11', '07', 'Present', 109),
('Golleret', 'Lu 04-11', '07', 'Present', 110),
('Krout', 'Lu 04-11', '07', 'Present', 111),
('Paladini', 'Lu 04-11', '07', 'Present', 112),
('Raffellini', 'Lu 04-11', '07', 'Present', 113),
('Rein', 'Lu 04-11', '07', 'Present', 114),
('Roussel', 'Lu 04-11', '07', 'Present', 115),
('Russo', 'Lu 04-11', '07', 'Retard', 116),
('Santoni', 'Lu 04-11', '07', 'Present', 117),
('Savelli', 'Lu 04-11', '07', 'Present', 118),
('Semenadisse', 'Lu 04-11', '07', 'Retard', 119),
('Vaiarello', 'Lu 04-11', '07', 'Present', 120),
('Andreani', 'Lu 18-11', '07', 'Absent', 121),
('Arcas', 'Lu 18-11', '07', 'Present', 122),
('Auda', 'Lu 18-11', '07', 'Retard', 123),
('Colas', 'Lu 18-11', '07', 'Present', 124),
('Crivello', 'Lu 18-11', '07', 'Retard', 125),
('Dethorey', 'Lu 18-11', '07', 'Present', 126),
('Golleret', 'Lu 18-11', '07', 'Retard', 127),
('Krout', 'Lu 18-11', '07', 'Present', 128),
('Paladini', 'Lu 18-11', '07', 'Absent', 129),
('Raffellini', 'Lu 18-11', '07', 'Present', 130),
('Rein', 'Lu 18-11', '07', 'Present', 131),
('Roussel', 'Lu 18-11', '07', 'Present', 132),
('Russo', 'Lu 18-11', '07', 'Retard', 133),
('Santoni', 'Lu 18-11', '07', 'Present', 134),
('Savelli', 'Lu 18-11', '07', 'Present', 135),
('Semenadisse', 'Lu 18-11', '07', 'Present', 136),
('Vaiarello', 'Lu 18-11', '07', 'Present', 137),
('Andreani', 'Lu 25-11', '07', 'Retard', 138),
('Arcas', 'Lu 25-11', '07', 'Present', 139),
('Auda', 'Lu 25-11', '07', 'Retard', 140),
('Colas', 'Lu 25-11', '07', 'Present', 141),
('Crivello', 'Lu 25-11', '07', 'Retard', 142),
('Dethorey', 'Lu 25-11', '07', 'Retard', 143),
('Golleret', 'Lu 25-11', '07', 'Present', 144),
('Krout', 'Lu 25-11', '07', 'Present', 145),
('Paladini', 'Lu 25-11', '07', 'Absent', 146),
('Raffellini', 'Lu 25-11', '07', 'Present', 147),
('Rein', 'Lu 25-11', '07', 'Present', 148),
('Roussel', 'Lu 25-11', '07', 'Present', 149),
('Russo', 'Lu 25-11', '07', 'Absent', 150),
('Santoni', 'Lu 25-11', '07', 'Present', 151),
('Savelli', 'Lu 25-11', '07', 'Present', 152),
('Semenadisse', 'Lu 25-11', '07', 'Present', 153),
('Vaiarello', 'Lu 25-11', '07', 'Present', 154),
('Andreani', 'Lu 02-12', '07', 'Present', 155),
('Arcas', 'Lu 02-12', '07', 'Present', 156),
('Auda', 'Lu 02-12', '07', 'Present', 157),
('Colas', 'Lu 02-12', '07', 'Present', 158),
('Crivello', 'Lu 02-12', '07', 'Retard', 159),
('Dethorey', 'Lu 02-12', '07', 'Present', 160),
('Golleret', 'Lu 02-12', '07', 'Present', 161),
('Krout', 'Lu 02-12', '07', 'Present', 162),
('Raffellini', 'Lu 02-12', '07', 'Absent', 163),
('Rein', 'Lu 02-12', '07', 'Present', 164),
('Roussel', 'Lu 02-12', '07', 'Present', 165),
('Russo', 'Lu 02-12', '07', 'Present', 166),
('Santoni', 'Lu 02-12', '07', 'Present', 167),
('Savelli', 'Lu 02-12', '07', 'Present', 168),
('Semenadisse', 'Lu 02-12', '07', 'Absent', 169),
('Vaiarello', 'Lu 02-12', '07', 'Present', 170),
('Andreani', 'Lu 09-12', '07', 'Retard', 171),
('Arcas', 'Lu 09-12', '07', 'Present', 172),
('Auda', 'Lu 09-12', '07', 'Present', 173),
('Colas', 'Lu 09-12', '07', 'Present', 174),
('Crivello', 'Lu 09-12', '07', 'Retard', 175),
('Dethorey', 'Lu 09-12', '07', 'Present', 176),
('Golleret', 'Lu 09-12', '07', 'Present', 177),
('Krout', 'Lu 09-12', '07', 'Absent', 178),
('Raffellini', 'Lu 09-12', '07', 'Present', 179),
('Rein', 'Lu 09-12', '07', 'Present', 180),
('Roussel', 'Lu 09-12', '07', 'Present', 181),
('Russo', 'Lu 09-12', '07', 'Retard', 182),
('Santoni', 'Lu 09-12', '07', 'Present', 183),
('Savelli', 'Lu 09-12', '07', 'Present', 184),
('Semenadisse', 'Lu 09-12', '07', 'Present', 185),
('Vaiarello', 'Lu 09-12', '07', 'Present', 186),
('Andreani', 'Lu 16-12', '07', 'Absent', 187),
('Arcas', 'Lu 16-12', '07', 'Present', 188),
('Auda', 'Lu 16-12', '07', 'Retard', 189),
('Colas', 'Lu 16-12', '07', 'Absent', 190),
('Crivello', 'Lu 16-12', '07', 'Present', 191),
('Dethorey', 'Lu 16-12', '07', 'Retard', 192),
('Golleret', 'Lu 16-12', '07', 'Retard', 193),
('Krout', 'Lu 16-12', '07', 'Present', 194),
('Raffellini', 'Lu 16-12', '07', 'Present', 195),
('Rein', 'Lu 16-12', '07', 'Present', 196),
('Roussel', 'Lu 16-12', '07', 'Present', 197),
('Russo', 'Lu 16-12', '07', 'Retard', 198),
('Santoni', 'Lu 16-12', '07', 'Present', 199),
('Savelli', 'Lu 16-12', '07', 'Present', 200),
('Semenadisse', 'Lu 16-12', '07', 'Present', 201),
('Vaiarello', 'Lu 16-12', '07', 'Present', 202),
('Andreani', 'Lu 06-01', '07', 'Absent', 203),
('Arcas', 'Lu 06-01', '07', 'Present', 204),
('Auda', 'Lu 06-01', '07', 'Retard', 205),
('Colas', 'Lu 06-01', '07', 'Present', 206),
('Crivello', 'Lu 06-01', '07', 'Present', 207),
('Dethorey', 'Lu 06-01', '07', 'Present', 208),
('Golleret', 'Lu 06-01', '07', 'Retard', 209),
('Krout', 'Lu 06-01', '07', 'Retard', 210),
('Raffellini', 'Lu 06-01', '07', 'Present', 211),
('Rein', 'Lu 06-01', '07', 'Present', 212),
('Roussel', 'Lu 06-01', '07', 'Present', 213),
('Russo', 'Lu 06-01', '07', 'Retard', 214),
('Santoni', 'Lu 06-01', '07', 'Present', 215),
('Savelli', 'Lu 06-01', '07', 'Present', 216),
('Semenadisse', 'Lu 06-01', '07', 'Present', 217),
('Vaiarello', 'Lu 06-01', '07', 'Retard', 218),
('Andreani', 'Lu 13-01', '07', 'Retard', 219),
('Arcas', 'Lu 13-01', '07', 'Present', 220),
('Auda', 'Lu 13-01', '07', 'Retard', 221),
('Colas', 'Lu 13-01', '07', 'Present', 222),
('Crivello', 'Lu 13-01', '07', 'Present', 223),
('Dethorey', 'Lu 13-01', '07', 'Present', 224),
('Golleret', 'Lu 13-01', '07', 'Retard', 225),
('Krout', 'Lu 13-01', '07', 'Retard', 226),
('Raffellini', 'Lu 13-01', '07', 'Present', 227),
('Rein', 'Lu 13-01', '07', 'Present', 228),
('Roussel', 'Lu 13-01', '07', 'Present', 229),
('Russo', 'Lu 13-01', '07', 'Retard', 230),
('Santoni', 'Lu 13-01', '07', 'Present', 231),
('Savelli', 'Lu 13-01', '07', 'Present', 232),
('Semenadisse', 'Lu 13-01', '07', 'Present', 233),
('Vaiarello', 'Lu 13-01', '07', 'Present', 234),
('Andreani', 'Lu 20-01', '07', 'Absent', 235),
('Arcas', 'Lu 20-01', '07', 'Present', 236),
('Auda', 'Lu 20-01', '07', 'Absent', 237),
('Colas', 'Lu 20-01', '07', 'Present', 238),
('Crivello', 'Lu 20-01', '07', 'Retard', 239),
('Dethorey', 'Lu 20-01', '07', 'Present', 240),
('Golleret', 'Lu 20-01', '07', 'Present', 241),
('Krout', 'Lu 20-01', '07', 'Present', 242),
('Raffellini', 'Lu 20-01', '07', 'Present', 243),
('Rein', 'Lu 20-01', '07', 'Present', 244),
('Roussel', 'Lu 20-01', '07', 'Present', 245),
('Russo', 'Lu 20-01', '07', 'Retard', 246),
('Santoni', 'Lu 20-01', '07', 'Present', 247),
('Savelli', 'Lu 20-01', '07', 'Present', 248),
('Semenadisse', 'Lu 20-01', '07', 'Present', 249),
('Vaiarello', 'Lu 20-01', '07', 'Present', 250),
('Andreani', 'Me 22-01', '07', 'Retard', 251),
('Arcas', 'Me 22-01', '07', 'Present', 252),
('Auda', 'Me 22-01', '07', 'Retard', 253),
('Colas', 'Me 22-01', '07', 'Present', 254),
('Crivello', 'Me 22-01', '07', 'Absent', 255),
('Dethorey', 'Me 22-01', '07', 'Present', 256),
('Golleret', 'Me 22-01', '07', 'Retard', 257),
('Krout', 'Me 22-01', '07', 'Present', 258),
('Raffellini', 'Me 22-01', '07', 'Absent', 259),
('Rein', 'Me 22-01', '07', 'Present', 260),
('Roussel', 'Me 22-01', '07', 'Present', 261),
('Russo', 'Me 22-01', '07', 'Retard', 262),
('Santoni', 'Me 22-01', '07', 'Present', 263),
('Savelli', 'Me 22-01', '07', 'Present', 264),
('Semenadisse', 'Me 22-01', '07', 'Present', 265),
('Vaiarello', 'Me 22-01', '07', 'Present', 266),
('Andreani', 'Lu 27-01', '07', 'Present', 267),
('Arcas', 'Lu 27-01', '07', 'Present', 268),
('Auda', 'Lu 27-01', '07', 'Absent', 269),
('Colas', 'Lu 27-01', '07', 'Present', 270),
('Dethorey', 'Lu 27-01', '07', 'Present', 271),
('Golleret', 'Lu 27-01', '07', 'Absent', 272),
('Krout', 'Lu 27-01', '07', 'Present', 273),
('Raffellini', 'Lu 27-01', '07', 'Absent', 274),
('Rein', 'Lu 27-01', '07', 'Present', 275),
('Roussel', 'Lu 27-01', '07', 'Present', 276),
('Russo', 'Lu 27-01', '07', 'Retard', 277),
('Santoni', 'Lu 27-01', '07', 'Present', 278),
('Savelli', 'Lu 27-01', '07', 'Present', 279),
('Semenadisse', 'Lu 27-01', '07', 'Absent', 280),
('Vaiarello', 'Lu 27-01', '07', 'Present', 281),
('Andreani', 'Me 29-01', '07', 'Absent', 282),
('Arcas', 'Me 29-01', '07', 'Present', 283),
('Auda', 'Me 29-01', '07', 'Absent', 284),
('Colas', 'Me 29-01', '07', 'Present', 285),
('Dethorey', 'Me 29-01', '07', 'Present', 286),
('Golleret', 'Me 29-01', '07', 'Retard', 287),
('Krout', 'Me 29-01', '07', 'Present', 288),
('Raffellini', 'Me 29-01', '07', 'Absent', 289),
('Rein', 'Me 29-01', '07', 'Present', 290),
('Roussel', 'Me 29-01', '07', 'Present', 291),
('Russo', 'Me 29-01', '07', 'Retard', 292),
('Santoni', 'Me 29-01', '07', 'Present', 293),
('Savelli', 'Me 29-01', '07', 'Present', 294),
('Semenadisse', 'Me 29-01', '07', 'Retard', 295),
('Vaiarello', 'Me 29-01', '07', 'Present', 296),
('Andreani', 'Lu 03-02', '07', 'Absent', 297),
('Arcas', 'Lu 03-02', '07', 'Present', 298),
('Auda', 'Lu 03-02', '07', 'Present', 299),
('Colas', 'Lu 03-02', '07', 'Present', 300),
('Dethorey', 'Lu 03-02', '07', 'Present', 301),
('Golleret', 'Lu 03-02', '07', 'Present', 302),
('Krout', 'Lu 03-02', '07', 'Absent', 303),
('Raffellini', 'Lu 03-02', '07', 'Present', 304),
('Rein', 'Lu 03-02', '07', 'Present', 305),
('Roussel', 'Lu 03-02', '07', 'Present', 306),
('Russo', 'Lu 03-02', '07', 'Retard', 307),
('Santoni', 'Lu 03-02', '07', 'Present', 308),
('Savelli', 'Lu 03-02', '07', 'Present', 309),
('Semenadisse', 'Lu 03-02', '07', 'Present', 310),
('Vaiarello', 'Lu 03-02', '07', 'Present', 311),
('Andreani', 'Lu 10-02', '07', 'Retard', 312),
('Arcas', 'Lu 10-02', '07', 'Absent', 313),
('Auda', 'Lu 10-02', '07', 'Retard', 314),
('Colas', 'Lu 10-02', '07', 'Present', 315),
('Dethorey', 'Lu 10-02', '07', 'Present', 316),
('Golleret', 'Lu 10-02', '07', 'Absent', 317),
('Krout', 'Lu 10-02', '07', 'Present', 318),
('Raffellini', 'Lu 10-02', '07', 'Present', 319),
('Rein', 'Lu 10-02', '07', 'Present', 320),
('Roussel', 'Lu 10-02', '07', 'Present', 321),
('Russo', 'Lu 10-02', '07', 'Absent', 322),
('Santoni', 'Lu 10-02', '07', 'Present', 323),
('Savelli', 'Lu 10-02', '07', 'Present', 324),
('Semenadisse', 'Lu 10-02', '07', 'Present', 325),
('Vaiarello', 'Lu 10-02', '07', 'Retard', 326),
('Andreani', 'Lu 17-02', '07', 'Absent', 327),
('Arcas', 'Lu 17-02', '07', 'Present', 328),
('Auda', 'Lu 17-02', '07', 'Retard', 329),
('Colas', 'Lu 17-02', '07', 'Present', 330),
('Dethorey', 'Lu 17-02', '07', 'Retard', 331),
('Golleret', 'Lu 17-02', '07', 'Present', 332),
('Krout', 'Lu 17-02', '07', 'Retard', 333),
('Raffellini', 'Lu 17-02', '07', 'Present', 334),
('Rein', 'Lu 17-02', '07', 'Absent', 335),
('Roussel', 'Lu 17-02', '07', 'Absent', 336),
('Russo', 'Lu 17-02', '07', 'Absent', 337),
('Santoni', 'Lu 17-02', '07', 'Present', 338),
('Savelli', 'Lu 17-02', '07', 'Present', 339),
('Semenadisse', 'Lu 17-02', '07', 'Present', 340),
('Vaiarello', 'Lu 17-02', '07', 'Absent', 341),
('Andreani', 'Lu 10-03', '08', 'Present', 342),
('Arcas', 'Lu 10-03', '08', 'Present', 343),
('Auda', 'Lu 10-03', '08', 'Absent', 344),
('Colas', 'Lu 10-03', '08', 'Present', 345),
('Dethorey', 'Lu 10-03', '08', 'Present', 346),
('Golleret', 'Lu 10-03', '08', 'Present', 347),
('Krout', 'Lu 10-03', '08', 'Present', 348),
('Raffellini', 'Lu 10-03', '08', 'Present', 349),
('Rein', 'Lu 10-03', '08', 'Present', 350),
('Roussel', 'Lu 10-03', '08', 'Present', 351),
('Russo', 'Lu 10-03', '08', 'Absent', 352),
('Santoni', 'Lu 10-03', '08', 'Present', 353),
('Savelli', 'Lu 10-03', '08', 'Present', 354),
('Semenadisse', 'Lu 10-03', '08', 'Present', 355),
('Vaiarello', 'Lu 10-03', '08', 'Absent', 356),
('Andreani', 'Lu 17-03', '07', 'Absent', 357),
('Arcas', 'Lu 17-03', '07', 'Present', 358),
('Auda', 'Lu 17-03', '07', 'Retard', 359),
('Colas', 'Lu 17-03', '07', 'Present', 360),
('Dethorey', 'Lu 17-03', '07', 'Present', 361),
('Golleret', 'Lu 17-03', '07', 'Absent', 362),
('Krout', 'Lu 17-03', '07', 'Present', 363),
('Raffellini', 'Lu 17-03', '07', 'Present', 364),
('Rein', 'Lu 17-03', '07', 'Present', 365),
('Roussel', 'Lu 17-03', '07', 'Present', 366),
('Russo', 'Lu 17-03', '07', 'Absent', 367),
('Santoni', 'Lu 17-03', '07', 'Present', 368),
('Savelli', 'Lu 17-03', '07', 'Absent', 369),
('Semenadisse', 'Lu 17-03', '07', 'Absent', 370),
('Vaiarello', 'Lu 17-03', '07', 'Retard', 371),
('Andreani', 'Lu 24-03', '07', 'Retard', 372),
('Arcas', 'Lu 24-03', '07', 'Present', 373),
('Auda', 'Lu 24-03', '07', 'Retard', 374),
('Colas', 'Lu 24-03', '07', 'Present', 375),
('Dethorey', 'Lu 24-03', '07', 'Present', 376),
('Golleret', 'Lu 24-03', '07', 'Present', 377),
('Krout', 'Lu 24-03', '07', 'Retard', 378),
('Raffellini', 'Lu 24-03', '07', 'Present', 379),
('Rein', 'Lu 24-03', '07', 'Present', 380),
('Roussel', 'Lu 24-03', '07', 'Present', 381),
('Russo', 'Lu 24-03', '07', 'Absent', 382),
('Santoni', 'Lu 24-03', '07', 'Present', 383),
('Savelli', 'Lu 24-03', '07', 'Absent', 384),
('Semenadisse', 'Lu 24-03', '07', 'Present', 385),
('Vaiarello', 'Lu 24-03', '07', 'Present', 386),
('Andreani', 'Lu 31-03', '06', 'Retard', 387),
('Arcas', 'Lu 31-03', '06', 'Present', 388),
('Auda', 'Lu 31-03', '06', 'Retard', 389),
('Colas', 'Lu 31-03', '06', 'Present', 390),
('Dethorey', 'Lu 31-03', '06', 'Retard', 391),
('Golleret', 'Lu 31-03', '06', 'Present', 392),
('Krout', 'Lu 31-03', '06', 'Retard', 393),
('Raffellini', 'Lu 31-03', '06', 'Present', 394),
('Rein', 'Lu 31-03', '06', 'Present', 395),
('Roussel', 'Lu 31-03', '06', 'Present', 396),
('Russo', 'Lu 31-03', '06', 'Absent', 397),
('Santoni', 'Lu 31-03', '06', 'Present', 398),
('Savelli', 'Lu 31-03', '06', 'Absent', 399),
('Semenadisse', 'Lu 31-03', '06', 'Present', 400),
('Vaiarello', 'Lu 31-03', '06', 'Retard', 401),
('Andreani', 'Lu 07-04', '06', 'Absent', 402),
('Arcas', 'Lu 07-04', '06', 'Absent', 403),
('Auda', 'Lu 07-04', '06', 'Absent', 404),
('Colas', 'Lu 07-04', '06', 'Present', 405),
('Dethorey', 'Lu 07-04', '06', 'Absent', 406),
('Golleret', 'Lu 07-04', '06', 'Present', 407),
('Krout', 'Lu 07-04', '06', 'Absent', 408),
('Raffellini', 'Lu 07-04', '06', 'Present', 409),
('Rein', 'Lu 07-04', '06', 'Present', 410),
('Roussel', 'Lu 07-04', '06', 'Present', 411),
('Russo', 'Lu 07-04', '06', 'Absent', 412),
('Santoni', 'Lu 07-04', '06', 'Present', 413),
('Savelli', 'Lu 07-04', '06', 'Present', 414),
('Semenadisse', 'Lu 07-04', '06', 'Present', 415),
('Vaiarello', 'Lu 07-04', '06', 'Retard', 416),
('Andreani', 'Lu 14-04', '06', 'Absent', 417),
('Arcas', 'Lu 14-04', '06', 'Present', 418),
('Auda', 'Lu 14-04', '06', 'Retard', 419),
('Colas', 'Lu 14-04', '06', 'Present', 420),
('Dethorey', 'Lu 14-04', '06', 'Present', 421),
('Golleret', 'Lu 14-04', '06', 'Present', 422),
('Krout', 'Lu 14-04', '06', 'Present', 423),
('Raffellini', 'Lu 14-04', '06', 'Present', 424),
('Rein', 'Lu 14-04', '06', 'Present', 425),
('Roussel', 'Lu 14-04', '06', 'Present', 426),
('Russo', 'Lu 14-04', '06', 'Absent', 427),
('Santoni', 'Lu 14-04', '06', 'Present', 428),
('Savelli', 'Lu 14-04', '06', 'Present', 429),
('Semenadisse', 'Lu 14-04', '06', 'Present', 430),
('Vaiarello', 'Lu 14-04', '06', 'Absent', 431),
('Andreani', 'Lu 05-05', '06', 'Retard', 432),
('Arcas', 'Lu 05-05', '06', 'Present', 433),
('Auda', 'Lu 05-05', '06', 'Retard', 434),
('Colas', 'Lu 05-05', '06', 'Present', 435),
('Dethorey', 'Lu 05-05', '06', 'Present', 436),
('Golleret', 'Lu 05-05', '06', 'Retard', 437),
('Krout', 'Lu 05-05', '06', 'Present', 438),
('Raffellini', 'Lu 05-05', '06', 'Present', 439),
('Rein', 'Lu 05-05', '06', 'Present', 440),
('Roussel', 'Lu 05-05', '06', 'Present', 441),
('Russo', 'Lu 05-05', '06', 'Absent', 442),
('Santoni', 'Lu 05-05', '06', 'Present', 443),
('Savelli', 'Lu 05-05', '06', 'Absent', 444),
('Semenadisse', 'Lu 05-05', '06', 'Present', 445),
('Vaiarello', 'Lu 05-05', '06', 'Present', 446),
('Andreani', 'Lu 12-05', '06', 'Absent', 447),
('Arcas', 'Lu 12-05', '06', 'Present', 448),
('Auda', 'Lu 12-05', '06', 'Absent', 449),
('Colas', 'Lu 12-05', '06', 'Present', 450),
('Dethorey', 'Lu 12-05', '06', 'Present', 451),
('Golleret', 'Lu 12-05', '06', 'Present', 452),
('Krout', 'Lu 12-05', '06', 'Present', 453),
('Raffellini', 'Lu 12-05', '06', 'Present', 454),
('Rein', 'Lu 12-05', '06', 'Present', 455),
('Roussel', 'Lu 12-05', '06', 'Present', 456),
('Russo', 'Lu 12-05', '06', 'Absent', 457),
('Santoni', 'Lu 12-05', '06', 'Present', 458),
('Savelli', 'Lu 12-05', '06', 'Absent', 459),
('Semenadisse', 'Lu 12-05', '06', 'Present', 460),
('Vaiarello', 'Lu 12-05', '06', 'Present', 461),
('Andreani', 'Lu 19-05', '06', 'Retard', 462),
('Arcas', 'Lu 19-05', '06', 'Present', 463),
('Auda', 'Lu 19-05', '06', 'Absent', 464),
('Colas', 'Lu 19-05', '06', 'Present', 465),
('Dethorey', 'Lu 19-05', '06', 'Absent', 466),
('Golleret', 'Lu 19-05', '06', 'Retard', 467),
('Krout', 'Lu 19-05', '06', 'Absent', 468),
('Raffellini', 'Lu 19-05', '06', 'Absent', 469),
('Rein', 'Lu 19-05', '06', 'Present', 470),
('Roussel', 'Lu 19-05', '06', 'Present', 471),
('Russo', 'Lu 19-05', '06', 'Absent', 472),
('Santoni', 'Lu 19-05', '06', 'Present', 473),
('Savelli', 'Lu 19-05', '06', 'Absent', 474),
('Semenadisse', 'Lu 19-05', '06', 'Absent', 475),
('Vaiarello', 'Lu 19-05', '06', 'Absent', 476);

-- --------------------------------------------------------

--
-- Structure de la table `cahier`
--

CREATE TABLE `cahier` (
  `rang` int(10) unsigned NOT NULL AUTO_INCREMENT,
  `prof` varchar(200) NOT NULL DEFAULT '',
  `date` varchar(20) NOT NULL DEFAULT '',
  `texte` varchar(200) NOT NULL DEFAULT '',
  PRIMARY KEY (`rang`)
) ENGINE=MyISAM  DEFAULT CHARSET=latin1 AUTO_INCREMENT=30 ;

--
-- Contenu de la table `cahier`
--

INSERT INTO `cahier` (`rang`, `prof`, `date`, `texte`) VALUES
(1, 'gatt', 'Ma 03-09', 'Accueil'),
(2, 'gatt', 'Lu 09-09', 'Chap 1 + s1, s2, s3 + 101'),
(3, 'gatt', 'Lu 16-09', 'h1,h2,h3 + 3c + 3d.h1&h2'),
(4, 'gatt', 'Lu 23-09', 'Fin Fiche 1 + TP102'),
(5, 'gatt', 'Lu 30-09', 'DS1 2013 + TP103'),
(6, 'gatt', 'Lu 07-10', 'DS1 2014 + TP103'),
(7, 'gatt', 'Lu 14-10', 'Correction DS1 + TP104 + Chap 2'),
(8, 'gatt', 'Lu 04-11', 'Chap 2 +  TP105'),
(9, 'gatt', 'Ve 11-11', '11 Novembre '),
(10, 'gatt', 'Lu 18-11', 'Chap 2 + TP106'),
(11, 'gatt', 'Lu 25-11', 'Chap 2 + TP107'),
(12, 'gatt', 'Lu 02-12', 'DS2 2013 + TP107'),
(13, 'gatt', 'Lu 09-12', 'DS2 + Chap 3 + Fiche 3 + TP201'),
(14, 'gatt', 'Lu 16-12', 'Chap 3 + Fiche 3 Exercices 3 et 4'),
(15, 'gatt', 'Lu 06-01', 'Fiche 3 Exercices 5 et 6 + TP202'),
(16, 'gatt', 'Lu 13-01', 'Fiche 3 + DS3 2013 + TP202'),
(17, 'gatt', 'Lu 20-01', 'DS3 2014 + TP203'),
(18, 'gatt', 'Lu 27-01', 'Chap 4 + Fiche 4 p1 + TP203'),
(19, 'gatt', 'Lu 03-02', 'Fiche 4 p2 +TP301'),
(20, 'gatt', 'Lu 10-02', 'DS4 2013 + TP302'),
(21, 'gatt', 'Lu 17-02', 'TD1 + TP303'),
(22, 'gatt', 'Lu 10-03', 'Chap 5 1&2 et Fiche 5 1&2'),
(23, 'gatt', 'Lu 17-03', 'Fiche 5 3&4 + TP304'),
(24, 'gatt', 'Lu 17-03', 'DS4 2014'),
(25, 'gatt', 'Lu 24-03', 'Fiche 6 1&2 + TP401'),
(26, 'gatt', 'Lu 31-03', 'Fiche 6 + Fiche 7 + TP402'),
(27, 'gatt', 'Lu 07-04', ' Fiche 8 + TP403'),
(28, 'gatt', 'Lu 05-05', 'Fiche 9 + TP404 '),
(29, 'gatt', 'Lu 12-05', 'Fiche 10 + TP405');

-- --------------------------------------------------------

--
-- Structure de la table `Connexion`
--

CREATE TABLE `Connexion` (
  `ID` int(11) NOT NULL,
  `Date` text NOT NULL,
  `IP` text NOT NULL,
  `Nom` text NOT NULL,
  `Passe` text NOT NULL
) ENGINE=MyISAM DEFAULT CHARSET=latin1;

-- --------------------------------------------------------

--
-- Structure de la table `eleves`
--

CREATE TABLE `eleves` (
  `Nom` varchar(15) DEFAULT '',
  `Prenom` varchar(15) DEFAULT '',
  `Date` varchar(15) NOT NULL DEFAULT '',
  `Origine` varchar(20) NOT NULL DEFAULT '',
  `Telephone` varchar(20) NOT NULL,
  `Num_et_Rue` varchar(30) NOT NULL DEFAULT '',
  `Ville` varchar(15) NOT NULL DEFAULT '',
  `Trajet` varchar(15) NOT NULL DEFAULT '00:00:00',
  `BAC` varchar(5) NOT NULL DEFAULT '???',
  `Qualite` varchar(9) NOT NULL DEFAULT '',
  `Groupe` char(3) NOT NULL DEFAULT '',
  `Email` varchar(30) NOT NULL DEFAULT '',
  `Remarques` varchar(20) NOT NULL DEFAULT '',
  `Passe` varchar(20) DEFAULT 'CIRA04',
  `statut` varchar(10) NOT NULL DEFAULT 'inscrit',
  `APRE1` longtext NOT NULL,
  `APRE2` longtext NOT NULL,
  `APRE3` text NOT NULL
) ENGINE=MyISAM DEFAULT CHARSET=latin1;

--
-- Contenu de la table `eleves`
--

INSERT INTO `eleves` (`Nom`, `Prenom`, `Date`, `Origine`, `Telephone`, `Num_et_Rue`, `Ville`, `Trajet`, `BAC`, `Qualite`, `Groupe`, `Email`, `Remarques`, `Passe`, `statut`, `APRE1`, `APRE2`, `APRE3`) VALUES
('Andreani', 'Mathieu', '13/10/1992', 'S', '', '', '', '00:00:00', '???', '', '', '', '', 'zEUR', 'inscrit', ' Des qualités gâchées par des absences répétées. Le niveau est beaucoup trop faible.', '', ''),
('Arcas', 'Kevin', '21/03/1994', 'BP ET', '', '', '', '00:00:00', '???', '', '', '', '', 'Lnzv', 'inscrit', ' De grosses difficultés à l''écrit, qui sont en partie compensées par un travail sérieux en travaux pratiques.', '', ''),
('Russo', 'Jeremie', '19/10/1995', 'SIN', '', '', '', '00:00:00', '???', '', '', '', '', 'kfbw', 'inscrit', ' Résultats très satisfaisants, mais vos retards répétitifs vous pénalisent.', '', ''),
('Auda', 'Arthur', '19/05/1994', 'S', '', '', '', '00:00:00', '???', '', '', '', '', 'DTjT', 'inscrit', ' Des résultats alarmants, vos multiples retards entachent également votre moyenne.', '', ''),
('Colas', 'Aleksandre', '05/11/1995', 'BP ELEEC', '', '', '', '00:00:00', '???', '', '', '', '', 'mVDe', 'inscrit', ' Niveau très faible à l''écrit, seuls les travaux pratiques permettent de limiter les dégâts.', '', ''),
('Dethorey', 'Axel', '01/10/1994', 'SIN', '', '', '', '00:00:00', '???', '', '', '', '', 'ZyXP', 'inscrit', ' De bons résultats, qui pourrait être encore améliorés avec un travail plus soutenu.', '', ''),
('Golleret', 'Bryan', '11/03/1994', 'BP ELEC', '', '', '', '00:00:00', '???', '', '', '', '', '3rsi', 'inscrit', ' Peu ou pas de travail, résultats alarmants.', '', ''),
('Krout', 'Najeh', '27/09/1995', 'BAC STI', '', '', '', '00:00:00', '???', '', '', '', '', 'nu3Y', 'inscrit', ' Les compétences semblent acquises,  pourtant rien de juste sur les copies.(Moyenne d''écrit = 1/20)', '', ''),
('Rein', 'Florian', '29/06/1995', 'STI', '', '', '', '00:00:00', '???', '', '', '', '', '6QHU', 'inscrit', ' Des débuts difficiles, mais les résultats en fin de semestre sont excellents.', '', ''),
('Roussel', 'Alyzee', '28/12/1993', 'STL', '', '', '', '00:00:00', '???', '', '', '', '', 'H4hH', 'inscrit', ' Beaucoup de travail et de sérieux, les résultats sont excellents. Félicitations.', '', ''),
('Raffellini', 'guillaume', '12/02/93', 'GM', '0617977706', '', '', '00:00:00', '???', '', '', '', '', 'sgjL', 'inscrit', ' En réel progrès cette année, continuez.', '', ''),
('Vaiarello', 'Jeremy', '24/09/1993', 'STL', '', '', '', '00:00:00', '???', '', '', '', '', 'qmsl', 'inscrit', ' En progrès, mais il reste encore du travail à faire pour atteindre un niveau convenable.', '', ''),
('Santoni', 'Lucas', '18/09/1994', 'BP MEI', '', '', '', '00:00:00', '???', '', '', '', '', 'Co3j', 'inscrit', ' Résultats satisfaisants, continuez à travailler sérieusement.', '', ''),
('Savelli', 'Anthony', '24/04/1995', 'BP ELEEC', '', '', '', '00:00:00', '???', '', '', '', '', 'Zk4a', 'inscrit', 'En grande difficulté a l''écrit,  vos résultats en travaux pratiques montrent que vous pouvez progresser.', '', ''),
('Semenadisse', 'Jerémy', '24/03/1993', 'STI ET', '', '', '', '00:00:00', '???', '', '', '', '', 'gm3p', 'inscrit', ' Du sérieux, résultats moyens.', '', '');

-- --------------------------------------------------------

--
-- Structure de la table `evaluations`
--

CREATE TABLE `evaluations` (
  `Prof` varchar(20) DEFAULT 'Gatt',
  `Matiere` varchar(20) DEFAULT 'TP CIRA 1',
  `Intitule` varchar(30) DEFAULT 'bidon',
  `Participants` varchar(30) DEFAULT NULL,
  `Fait` varchar(10) DEFAULT NULL,
  `Rendu` varchar(10) DEFAULT NULL,
  `Coef` char(2) DEFAULT '1',
  `Note` varchar(5) DEFAULT NULL,
  `ID` int(10) unsigned NOT NULL AUTO_INCREMENT,
  `RQ` varchar(20) NOT NULL,
  `URL` varchar(100) NOT NULL,
  `Mode` varchar(1) NOT NULL DEFAULT 'O',
  PRIMARY KEY (`ID`)
) ENGINE=MyISAM  DEFAULT CHARSET=latin1 AUTO_INCREMENT=643 ;

--
-- Contenu de la table `evaluations`
--

INSERT INTO `evaluations` (`Prof`, `Matiere`, `Intitule`, `Participants`, `Fait`, `Rendu`, `Coef`, `Note`, `ID`, `RQ`, `URL`, `Mode`) VALUES
('gatt', 'Oral 1', 'Oral 1', 'Andreani', 'Lu 09-09', '', '1', '9.5', 2, '', '', 'N'),
('gatt', 'Oral 1', 'Oral 1', 'Arcas', 'Lu 09-09', '', '1', '10', 3, '', '', 'O'),
('gatt', 'TP1', '101', 'Arcas', 'Lu 16-09', 'Lu 16-09', '1', '10', 41, '', 'TS1CIRA Arcas/TS1CIRA 101 Arcas.pdf', 'O'),
('gatt', 'Oral 1', 'Oral 1', 'Crivello', 'Lu 09-09', 'Je 19-06', '1', '5', 0, '', 'TS1CIRA ajeter/TS1CIRA  .pdf', 'O'),
('gatt', 'Oral 1', 'Oral 1', 'Dethorey', 'Lu 09-09', '', '1', '21.5', 7, '', '', 'O'),
('gatt', 'Oral 1', 'Oral 1', 'Golleret', 'Lu 09-09', '', '1', '5', 8, '', '', 'O'),
('gatt', 'Oral 1', 'Oral 1', 'Krout', 'Lu 09-09', '', '1', '15.5', 9, '', '', 'O'),
('gatt', 'Oral 1', 'Oral 1', 'Raffellini', 'Lu 09-09', '', '1', '13', 11, '', '', 'O'),
('gatt', 'Oral 1', 'Oral 1', 'Rein', 'Lu 09-09', '', '1', '21.5', 12, '', '', 'O'),
('gatt', 'Oral 1', 'Oral 1', 'Roussel', 'Lu 09-09', '', '1', '14.5', 13, '', '', 'O'),
('gatt', 'Oral 1', 'Oral 1', 'Russo', 'Lu 09-09', '', '1', '9', 14, '', '', 'O'),
('gatt', 'Oral 1', 'Oral 1', 'Santoni', 'Lu 09-09', '', '1', '15', 15, '', '', 'O'),
('gatt', 'Oral 1', 'Oral 1', 'Savelli', 'Lu 09-09', '', '1', '12', 16, '', '', 'O'),
('gatt', 'Oral 1', 'Oral 1', 'Semenadisse', 'Lu 09-09', '', '1', '14', 17, '', '', 'O'),
('gatt', 'Oral 1', 'Oral 1', 'Vaiarello', 'Lu 09-09', '', '1', '16.5', 18, '', '', 'O'),
('gatt', 'TP1', '101', 'Crivello', 'Lu 16-09', 'Lu 23-09', '1', '10', 44, '', 'TS1CIRA Crivello/TS1CIRA 101 Crivello.pdf', 'O'),
('gatt', 'TP1', '101', 'Colas', 'Lu 16-09', 'Lu 16-09', '1', '12', 43, '', 'TS1CIRA Colas/TS1CIRA 101 Colas.pdf', 'O'),
('gatt', 'TP1', '101', 'Auda', 'Lu 16-09', 'Lu 16-09', '1', '12', 42, '', 'TS1CIRA Auda/TS1CIRA 101 Auda.pdf', 'O'),
('gatt', 'TP1', '101', 'Andreani', 'Lu 16-09', '', '1', '0', 40, '', '', 'N'),
('gatt', 'Oral 1', 'Oral 1', 'Colas', 'Lu 09-09', '', '1', '8', 39, '', '', 'O'),
('gatt', 'Oral 1', 'Oral 1', 'Auda', 'Lu 09-09', '', '1', '2', 38, '', '', 'O'),
('gatt', 'TP1', '101', 'Dethorey', 'Lu 16-09', 'Lu 16-09', '0', '0', 45, 'Copie de la correcti', 'TS1CIRA Dethorey/TS1CIRA 101 Dethorey.pdf', 'O'),
('gatt', 'TP1', '101', 'Golleret', 'Lu 16-09', 'Lu 16-09', '1', '12', 46, '', 'TS1CIRA Golleret/TS1CIRA 101 Golleret.pdf', 'O'),
('gatt', 'TP1', '101', 'Krout', 'Lu 16-09', 'Lu 16-09', '1', '18', 47, '', 'TS1CIRA Krout/TS1CIRA 101 Krout.pdf', 'O'),
('gatt', 'TP1', '101', 'Paladini', 'Lu 16-09', 'Lu 16-09', '1', '12', 48, '', 'TS1CIRA Paladini/TS1CIRA 101 Paladini.pdf', 'O'),
('gatt', 'TP1', '101', 'Raffellini', 'Lu 16-09', 'Lu 23-09', '1', '14', 49, '', 'TS1CIRA Raffellini/TS1CIRA 101 Raffellini.pdf', 'O'),
('gatt', 'TP1', '101', 'Rein', 'Lu 16-09', 'Ma 24-09', '1', '17', 50, '', 'TS1CIRA Rein/TS1CIRA 101 Rein.pdf', 'O'),
('gatt', 'TP1', '101', 'Roussel', 'Lu 16-09', 'Lu 30-09', '0', '12', 51, '', 'TS1CIRA Roussel/TS1CIRA 101 Roussel.pdf', 'O'),
('gatt', 'TP1', '101', 'Russo', '', 'Lu 30-09', '1', '11', 52, '', 'TS1CIRA Russo/TS1CIRA 101 Russo.pdf', 'O'),
('gatt', 'TP1', '101', 'Santoni', 'Lu 16-09', 'Lu 16-09', '1', '12', 53, '', 'TS1CIRA Santoni/TS1CIRA 101 Santoni.pdf', 'O'),
('gatt', 'TP1', '101', 'Savelli', 'Lu 16-09', 'Lu 16-09', '1', '9', 54, '', 'TS1CIRA Savelli/TS1CIRA 101 Savelli.pdf', 'O'),
('gatt', 'TP1', '101', 'Semenadisse', 'Lu 16-09', 'Lu 16-09', '1', '11', 55, '', 'TS1CIRA Semenadisse/TS1CIRA 101 Semenadisse.pdf', 'O'),
('gatt', 'TP1', '101', 'Vaiarello', 'Lu 16-09', 'Lu 30-09', '1', '10', 56, '', 'TS1CIRA Vaiarello/TS1CIRA 101 Vaiarello.pdf', 'O'),
('gatt', 'TP1', '102', 'Andreani', '30 sept', 'Lu 07-10', '1', '15', 57, '', 'TS1CIRA Andreani/TS1CIRA 102 Andreani.pdf', 'N'),
('gatt', 'TP1', '102', 'Arcas', '30 sept', 'Lu 07-10', '1', '9', 58, '', 'TS1CIRA Arcas/TS1CIRA 102 Arcas.pdf', 'O'),
('gatt', 'TP1', '102', 'Auda', '30 sept', 'Lu 07-10', '1', '6', 59, '', 'TS1CIRA Auda/TS1CIRA 102 Auda.pdf', 'O'),
('gatt', 'TP1', '102', 'Colas', '30 sept', 'Lu 30-09', '1', '12', 60, '', 'TS1CIRA Colas/TS1CIRA 102 Colas.pdf', 'O'),
('gatt', 'TP1', '102', 'Crivello', '30 sept', NULL, '1', '0', 61, '', '', 'O'),
('gatt', 'TP1', '102', 'Dethorey', '30 sept', 'Lu 30-09', '1', '20', 62, '', 'TS1CIRA Dethorey/TS1CIRA 102 Dethorey.pdf', 'O'),
('gatt', 'TP1', '102', 'Golleret', '30 sept', 'Lu 07-10', '1', '10', 63, '', 'TS1CIRA Golleret/TS1CIRA 102 Golleret.pdf', 'O'),
('gatt', 'TP1', '102', 'Krout', '30 sept', 'Lu 30-09', '1', '10', 64, '', 'TS1CIRA Krout/TS1CIRA 102 Krout.pdf', 'O'),
('gatt', 'TP1', '102', 'Paladini', '30 sept', NULL, '1', NULL, 65, '', '', 'O'),
('gatt', 'TP1', '102', 'Raffellini', '30 sept', 'Lu 30-09', '1', '20', 66, '', 'TS1CIRA Raffellini/TS1CIRA 102 Raffellini.pdf', 'O'),
('gatt', 'TP1', '102', 'Rein', '30 sept', 'Lu 14-10', '1', NULL, 67, '', 'TS1CIRA Rein/TS1CIRA 102 Rein.pdf', 'O'),
('gatt', 'TP1', '102', 'Roussel', '30 sept', 'Lu 07-10', '1', '20', 68, '', 'TS1CIRA Roussel/TS1CIRA 102 Roussel.pdf', 'O'),
('gatt', 'TP1', '102', 'Russo', '30 sept', 'Lu 30-09', '1', '20', 69, '', 'TS1CIRA Russo/TS1CIRA 102 Russo.pdf', 'O'),
('gatt', 'TP1', '102', 'Santoni', '30 sept', 'Lu 14-10', '1', NULL, 70, '', 'TS1CIRA Santoni/TS1CIRA 102 Santoni.pdf', 'O'),
('gatt', 'TP1', '102', 'Savelli', '30 sept', 'Lu 07-10', '0', '4', 71, '', 'TS1CIRA Savelli/TS1CIRA 102 Savelli.pdf', 'O'),
('gatt', 'TP1', '102', 'Semenadisse', '30 sept', 'Lu 07-10', '1', '11', 72, '', 'TS1CIRA Semenadisse/TS1CIRA 102 Semenadisse.pdf', 'O'),
('gatt', 'TP1', '102', 'Vaiarello', '30 sept', NULL, '1', '0', 73, '', '', 'O'),
('gatt', 'Ecrit 1', 'DS1', 'Andreani', 'Lu 07-10', 'Me 09-10', '1', '6', 74, '', 'TS1CIRA Andreani/TS1CIRA DS1 Andreani.pdf', 'N'),
('gatt', 'Ecrit 1', 'DS1', 'Arcas', 'Lu 07-10', 'Me 09-10', '1', '2', 75, '', 'TS1CIRA Arcas/TS1CIRA DS1 Arcas.pdf', 'O'),
('gatt', 'Ecrit 1', 'DS1', 'Auda', 'Lu 07-10', 'Me 09-10', '1', '1', 76, '', 'TS1CIRA Auda/TS1CIRA DS1 Auda.pdf', 'O'),
('gatt', 'Ecrit 1', 'DS1', 'Colas', 'Lu 07-10', 'Me 09-10', '1', '1', 77, '', 'TS1CIRA Colas/TS1CIRA DS1 Colas.pdf', 'O'),
('gatt', 'Ecrit 1', 'DS1', 'Crivello', 'Lu 07-10', 'Je 10-10', '1', '2,5', 78, 'Absent', 'TS1CIRA Crivello/TS1CIRA DS1 Crivello.pdf', 'O'),
('gatt', 'Ecrit 1', 'DS1', 'Dethorey', 'Lu 07-10', 'Me 09-10', '1', '8,5', 79, '', 'TS1CIRA Dethorey/TS1CIRA DS1 Dethorey.pdf', 'O'),
('gatt', 'Ecrit 1', 'DS1', 'Golleret', 'Lu 07-10', 'Me 09-10', '1', '0', 80, '', 'TS1CIRA Golleret/TS1CIRA DS1 Golleret.pdf', 'O'),
('gatt', 'Ecrit 1', 'DS1', 'Krout', 'Lu 07-10', 'Me 09-10', '1', '1', 81, '', 'TS1CIRA Krout/TS1CIRA DS1 Krout.pdf', 'O'),
('gatt', 'Ecrit 1', 'DS1', 'Paladini', 'Lu 07-10', 'Me 09-10', '1', '3', 82, '', 'TS1CIRA Paladini/TS1CIRA DS1 Paladini.pdf', 'O'),
('gatt', 'Ecrit 1', 'DS1', 'Raffellini', 'Lu 07-10', 'Me 09-10', '1', '6', 83, '', 'TS1CIRA Raffellini/TS1CIRA DS1 Raffellini.pdf', 'O'),
('gatt', 'Ecrit 1', 'DS1', 'Rein', 'Lu 07-10', 'Je 10-10', '1', '3', 84, 'Absent', 'TS1CIRA Rein/TS1CIRA DS1 Rein.pdf', 'O'),
('gatt', 'Ecrit 1', 'DS1', 'Roussel', 'Lu 07-10', 'Me 09-10', '1', '18', 85, '', 'TS1CIRA Roussel/TS1CIRA DS1 Roussel.pdf', 'O'),
('gatt', 'Ecrit 1', 'DS1', 'Russo', 'Lu 07-10', 'Me 09-10', '1', '9,5', 86, '', 'TS1CIRA Russo/TS1CIRA DS1 Russo.pdf', 'O'),
('gatt', 'Ecrit 1', 'DS1', 'Santoni', 'Lu 07-10', 'Me 09-10', '1', '0,5', 87, '', 'TS1CIRA Santoni/TS1CIRA DS1 Santoni.pdf', 'O'),
('gatt', 'Ecrit 1', 'DS1', 'Savelli', 'Lu 07-10', 'Me 09-10', '1', '0,5', 88, '', 'TS1CIRA Savelli/TS1CIRA DS1 Savelli.pdf', 'O'),
('gatt', 'Ecrit 1', 'DS1', 'Semenadisse', 'Lu 07-10', 'Me 09-10', '1', '4,5', 89, '', 'TS1CIRA Semenadisse/TS1CIRA DS1 Semenadisse.pdf', 'O'),
('gatt', 'Ecrit 1', 'DS1', 'Vaiarello', 'Lu 07-10', 'Me 09-10', '1', '2', 90, '', 'TS1CIRA Vaiarello/TS1CIRA DS1 Vaiarello.pdf', 'O'),
('gatt', 'TP1', '103', 'Andreani', '7 oct', '', '1', '0', 91, '', '', 'N'),
('gatt', 'TP1', '103', 'Arcas', '7 oct', 'Lu 14-10', '1', '16', 92, '', 'TS1CIRA Arcas/TS1CIRA 103 Arcas.pdf', 'O'),
('gatt', 'TP1', '103', 'Auda', '7 oct', NULL, '1', '0', 93, '', '', 'O'),
('gatt', 'TP1', '103', 'Colas', '7 oct', 'Lu 14-10', '1', '16', 94, '', 'TS1CIRA Colas/TS1CIRA 103 Colas.pdf', 'O'),
('gatt', 'TP1', '103', 'Crivello', '7 oct', NULL, '1', '0', 95, '', '', 'O'),
('gatt', 'TP1', '103', 'Dethorey', '7 oct', 'Lu 07-10', '1', '19', 96, '', 'TS1CIRA Dethorey/TS1CIRA 103 Dethorey.pdf', 'O'),
('gatt', 'TP1', '103', 'Golleret', '7 oct', NULL, '1', NULL, 97, '', '', 'O'),
('gatt', 'TP1', '103', 'Krout', '7 oct', 'Lu 07-10', '1', '12', 98, '', 'TS1CIRA Krout/TS1CIRA 103 Krout.pdf', 'O'),
('gatt', 'TP1', '103', 'Paladini', '7 oct', 'Lu 14-10', '1', '20', 99, '', 'TS1CIRA Paladini/TS1CIRA 103 Paladini.pdf', 'O'),
('gatt', 'TP1', '103', 'Raffellini', '7 oct', 'Lu 07-10', '1', '20', 100, '', 'TS1CIRA Raffellini/TS1CIRA 103 Raffellini.pdf', 'O'),
('gatt', 'TP1', '103', 'Rein', '7 oct', 'Lu 14-10', '1', '20', 101, '', 'TS1CIRA Rein/TS1CIRA 103 Rein.pdf', 'O'),
('gatt', 'TP1', '103', 'Roussel', '7 oct', 'Lu 07-10', '1', '20', 102, '', 'TS1CIRA Roussel/TS1CIRA 103 Roussel.pdf', 'O'),
('gatt', 'TP1', '103', 'Russo', '7 oct', 'Lu 14-10', '1', '20', 103, '', 'TS1CIRA Russo/TS1CIRA 103 Russo.pdf', 'O'),
('gatt', 'TP1', '103', 'Santoni', '7 oct', NULL, '1', NULL, 104, '', '', 'O'),
('gatt', 'TP1', '103', 'Savelli', '7 oct', 'Lu 14-10', '1', '19', 105, '', 'TS1CIRA Savelli/TS1CIRA 103 Savelli.pdf', 'O'),
('gatt', 'TP1', '103', 'Semenadisse', '7 oct', 'Lu 14-10', '1', '19', 106, '', 'TS1CIRA Semenadisse/TS1CIRA 103 Semenadisse.pdf', 'O'),
('gatt', 'TP1', '103', 'Vaiarello', '7 oct', 'Lu 14-10', '1', '13', 107, '', 'TS1CIRA Vaiarello/TS1CIRA 103 Vaiarello.pdf', 'O'),
('gatt', 'TP1', '104', 'Andreani', '7 oct', 'Lu 04-11', '1', '14', 108, '', 'TS1CIRA Andreani/TS1CIRA 104 Andreani.pdf', 'N'),
('gatt', 'TP1', '104', 'Arcas', '7 oct', 'Lu 18-11', '1', '13,5', 109, '', 'TS1CIRA Arcas/TS1CIRA 104 Arcas.pdf', 'O'),
('gatt', 'TP1', '104', 'Auda', '7 oct', NULL, '1', '0', 110, '', '', 'O'),
('gatt', 'TP1', '104', 'Colas', '7 oct', 'Lu 04-11', '1', '10', 111, '', 'TS1CIRA Colas/TS1CIRA 104 Colas.pdf', 'O'),
('gatt', 'TP1', '104', 'Crivello', '7 oct', NULL, '1', NULL, 112, '', '', 'O'),
('gatt', 'TP1', '104', 'Dethorey', '7 oct', 'Lu 14-10', '1', '14', 113, '', 'TS1CIRA Dethorey/TS1CIRA 104 Dethorey.pdf', 'O'),
('gatt', 'TP1', '104', 'Golleret', '7 oct', 'Me 20-11', '1', '8,5', 114, '', 'TS1CIRA Golleret/TS1CIRA 104 Golleret.pdf', 'O'),
('gatt', 'TP1', '104', 'Krout', '7 oct', 'Lu 14-10', '1', '10', 115, '', 'TS1CIRA Krout/TS1CIRA 104 Krout.pdf', 'O'),
('gatt', 'TP1', '104', 'Paladini', '7 oct', NULL, '1', NULL, 116, '', '', 'O'),
('gatt', 'TP1', '104', 'Raffellini', '7 oct', 'Lu 14-10', '1', '14', 117, '', 'TS1CIRA Raffellini/TS1CIRA 104 Raffellini.pdf', 'O'),
('gatt', 'TP1', '104', 'Rein', '7 oct', 'Lu 04-11', '1', '9', 118, '', 'TS1CIRA Rein/TS1CIRA 104 Rein.pdf', 'O'),
('gatt', 'TP1', '104', 'Roussel', '7 oct', 'Lu 07-10', '1', '20', 119, '', 'TS1CIRA Roussel/TS1CIRA 104 Roussel.pdf', 'O'),
('gatt', 'TP1', '104', 'Russo', '7 oct', 'Lu 04-11', '0', '9', 120, '', 'TS1CIRA Russo/TS1CIRA 104 Russo.pdf', 'O'),
('gatt', 'TP1', '104', 'Santoni', '7 oct', 'Lu 04-11', '1', '16', 121, '', 'TS1CIRA Santoni/TS1CIRA 104 Santoni.pdf', 'O'),
('gatt', 'TP1', '104', 'Savelli', '7 oct', 'Lu 18-11', '1', '15', 122, '', 'TS1CIRA Savelli/TS1CIRA 104 Savelli.pdf', 'O'),
('gatt', 'TP1', '104', 'Semenadisse', '7 oct', 'Lu 18-11', '1', '15', 123, '', 'TS1CIRA Semenadisse/TS1CIRA 104 Semenadisse.pdf', 'O'),
('gatt', 'TP1', '104', 'Vaiarello', '7 oct', 'Lu 04-11', '1', '13', 124, '', 'TS1CIRA Vaiarello/TS1CIRA 104 Vaiarello.pdf', 'O'),
('gatt', 'TP1', '105', 'Andreani', 'Lu 14-10', 'Lu 25-11', '1', '15', 125, '', 'TS1CIRA Andreani/TS1CIRA 105 Andreani.pdf', 'N'),
('gatt', 'TP1', '105', 'Arcas', 'Lu 14-10', 'Lu 25-11', '1', '20', 126, '', 'TS1CIRA Arcas/TS1CIRA 105 Arcas.pdf', 'O'),
('gatt', 'TP1', '105', 'Auda', 'Lu 14-10', '', '1', 'Nnot', 127, '', '', 'O'),
('gatt', 'TP1', '105', 'Colas', 'Lu 14-10', 'Lu 18-11', '1', '10', 128, '', 'TS1CIRA Colas/TS1CIRA 105 Colas.pdf', 'O'),
('gatt', 'TP1', '105', 'Crivello', 'Lu 14-10', 'Lu 25-11', '1', '20', 129, '', 'TS1CIRA Crivello/TS1CIRA 105 Crivello.pdf', 'O'),
('gatt', 'TP1', '105', 'Dethorey', 'Lu 14-10', 'Lu 04-11', '1', '20', 130, '', 'TS1CIRA Dethorey/TS1CIRA 105 Dethorey.pdf', 'O'),
('gatt', 'TP1', '105', 'Golleret', 'Lu 14-10', 'Lu 25-11', '1', '20', 131, '', 'TS1CIRA Golleret/TS1CIRA 105 Golleret.pdf', 'O'),
('gatt', 'TP1', '105', 'Krout', 'Lu 14-10', 'Lu 04-11', '1', '15', 132, '', 'TS1CIRA Krout/TS1CIRA 105 Krout.pdf', 'O'),
('gatt', 'TP1', '105', 'Raffellini', 'Lu 14-10', 'Lu 14-10', '1', '20', 134, '', 'TS1CIRA Raffellini/TS1CIRA 105 Raffellini.pdf', 'O'),
('gatt', 'TP1', '105', 'Rein', 'Lu 14-10', 'Lu 02-12', '1', '18', 135, '', 'TS1CIRA Rein/TS1CIRA 105 Rein.rtf', 'O'),
('gatt', 'TP1', '105', 'Roussel', 'Lu 14-10', 'Lu 14-10', '1', '20', 136, '', 'TS1CIRA Roussel/TS1CIRA 105 Roussel.pdf', 'O'),
('gatt', 'TP1', '105', 'Russo', 'Lu 14-10', 'Lu 04-11', '1', '14', 137, '', 'TS1CIRA Russo/TS1CIRA 105 Russo.pdf', 'O'),
('gatt', 'TP1', '105', 'Santoni', 'Lu 14-10', 'Ve 08-11', '1', '20', 138, '', 'TS1CIRA Santoni/TS1CIRA 105 Santoni.pdf', 'O'),
('gatt', 'TP1', '105', 'Savelli', 'Lu 14-10', 'Lu 25-11', '1', '20', 139, '', 'TS1CIRA Savelli/TS1CIRA 105 Savelli.pdf', 'O'),
('gatt', 'TP1', '105', 'Semenadisse', 'Lu 14-10', 'Lu 25-11', '1', '20', 140, '', 'TS1CIRA Semenadisse/TS1CIRA 105 Semenadisse.pdf', 'O'),
('gatt', 'TP1', '105', 'Vaiarello', 'Lu 14-10', 'Lu 18-11', '1', '20', 141, '', 'TS1CIRA Vaiarello/TS1CIRA 105 Vaiarello.pdf', 'O'),
('gatt', 'Ecrit 1', 'DM1', 'Andreani', 'Je 17-10', 'Ve 08-11', '1', '7.5', 142, '', 'TS1CIRA Andreani/TS1CIRA DM1 Andreani.pdf', 'n'),
('gatt', 'Ecrit 1', 'DM1', 'Arcas', 'Je 17-10', 'Ve 08-11', '1', '10', 143, '', 'TS1CIRA Arcas/TS1CIRA DM1 Arcas.pdf', 'O'),
('gatt', 'Ecrit 1', 'DM1', 'Auda', 'Je 17-10', NULL, '1', NULL, 144, '', '', 'O'),
('gatt', 'Ecrit 1', 'DM1', 'Colas', 'Je 17-10', 'Ve 08-11', '1', '13', 145, '', 'TS1CIRA Colas/TS1CIRA DM1 Colas.pdf', 'O'),
('gatt', 'Ecrit 1', 'DM1', 'Crivello', 'Je 17-10', NULL, '1', NULL, 146, '', '', 'O'),
('gatt', 'Ecrit 1', 'DM1', 'Dethorey', 'Je 17-10', 'Ve 08-11', '1', '11', 147, '', 'TS1CIRA Dethorey/TS1CIRA DM1 Dethorey.pdf', 'O'),
('gatt', 'Ecrit 1', 'DM1', 'Golleret', 'Je 17-10', 'Ve 08-11', '1', '8', 148, '', 'TS1CIRA Golleret/TS1CIRA DM1 Golleret.pdf', 'O'),
('gatt', 'Ecrit 1', 'DM1', 'Krout', 'Je 17-10', 'Ve 08-11', '0', '0', 149, '', 'TS1CIRA Krout/TS1CIRA DM1 Krout.pdf', 'O'),
('gatt', 'Ecrit 1', 'DM1', 'Paladini', 'Je 17-10', NULL, '1', NULL, 150, '', '', 'O'),
('gatt', 'Ecrit 1', 'DM1', 'Raffellini', 'Je 17-10', 'Ve 08-11', '1', '17', 151, '', 'TS1CIRA Raffellini/TS1CIRA DM1 Raffellini.pdf', 'O'),
('gatt', 'Ecrit 1', 'DM1', 'Rein', 'Je 17-10', 'Ve 08-11', '1', '5', 152, '', 'TS1CIRA Rein/TS1CIRA DM1 Rein.pdf', 'O'),
('gatt', 'Ecrit 1', 'DM1', 'Roussel', 'Je 17-10', 'Ve 08-11', '0', '16.5', 153, '', 'TS1CIRA Roussel/TS1CIRA DM1 Roussel.pdf', 'O'),
('gatt', 'Ecrit 1', 'DM1', 'Russo', 'Je 17-10', 'Ve 08-11', '1', '19', 154, '', 'TS1CIRA Russo/TS1CIRA DM1 Russo.pdf', 'O'),
('gatt', 'Ecrit 1', 'DM1', 'Santoni', 'Je 17-10', 'Ve 08-11', '1', '19', 155, '', 'TS1CIRA Santoni/TS1CIRA DM1 Santoni.pdf', 'O'),
('gatt', 'Ecrit 1', 'DM1', 'Savelli', 'Je 17-10', 'Ve 08-11', '1', '5', 156, '', 'TS1CIRA Savelli/TS1CIRA DM1 Savelli.pdf', 'O'),
('gatt', 'Ecrit 1', 'DM1', 'Semenadisse', 'Je 17-10', 'Ve 08-11', '1', '15', 157, '', 'TS1CIRA Semenadisse/TS1CIRA DM1 Semenadisse.pdf', 'O'),
('gatt', 'Ecrit 1', 'DM1', 'Vaiarello', 'Je 17-10', NULL, '1', NULL, 158, '', '', 'O'),
('gatt', 'TP1', '106', 'Andreani', 'Lu 04-11', 'Lu 02-12', '1', '20', 159, '', 'TS1CIRA Andreani/TS1CIRA 106 Andreani.pdf', 'N'),
('gatt', 'TP1', '106', 'Arcas', 'Lu 04-11', 'Lu 02-12', '1', '20', 160, '', 'TS1CIRA Arcas/TS1CIRA 106 Arcas.pdf', 'O'),
('gatt', 'TP1', '106', 'Auda', 'Lu 04-11', 'Lu 02-12', '1', '14', 161, '', 'TS1CIRA Auda/TS1CIRA 106 Auda.pdf', 'O'),
('gatt', 'TP1', '106', 'Colas', 'Lu 04-11', 'Lu 06-01', '1', '20', 162, '', 'TS1CIRA Colas/TS1CIRA 106 Colas.pdf', 'O'),
('gatt', 'TP1', '106', 'Crivello', 'Lu 04-11', 'Lu 25-11', '1', '20', 163, '', 'TS1CIRA Crivello/TS1CIRA 106 Crivello.pdf', 'O'),
('gatt', 'TP1', '106', 'Dethorey', 'Lu 04-11', 'Lu 02-12', '1', '20', 164, '', 'TS1CIRA Dethorey/TS1CIRA 106 Dethorey.pdf', 'O'),
('gatt', 'TP1', '106', 'Golleret', 'Lu 04-11', 'Lu 09-12', '1', '20', 165, '', 'TS1CIRA Golleret/TS1CIRA 106 Golleret.pdf', 'O'),
('gatt', 'TP1', '106', 'Krout', 'Lu 04-11', 'Lu 25-11', '1', '12', 166, '', 'TS1CIRA Krout/TS1CIRA 106 Krout.pdf', 'O'),
('gatt', 'TP1', '106', 'Raffellini', 'Lu 04-11', 'Lu 16-12', '1', '20', 168, '', 'TS1CIRA Raffellini/TS1CIRA 106 Raffellini.pdf', 'O'),
('gatt', 'TP1', '106', 'Rein', 'Lu 04-11', 'Lu 18-11', '1', '20', 169, '', 'TS1CIRA Rein/TS1CIRA 106 Rein.pdf', 'O'),
('gatt', 'TP1', '106', 'Roussel', 'Lu 04-11', 'Lu 18-11', '1', '20', 170, '', 'TS1CIRA Roussel/TS1CIRA 106 Roussel.pdf', 'O'),
('gatt', 'TP1', '106', 'Russo', 'Lu 04-11', 'Lu 18-11', '1', '20', 171, '', 'TS1CIRA Russo/TS1CIRA 106 Russo.pdf', 'O'),
('gatt', 'TP1', '106', 'Santoni', 'Lu 04-11', 'Lu 25-11', '1', '20', 172, '', 'TS1CIRA Santoni/TS1CIRA 106 Santoni.pdf', 'O'),
('gatt', 'TP1', '106', 'Savelli', 'Lu 04-11', 'Lu 02-12', '1', '20', 173, '', 'TS1CIRA Savelli/TS1CIRA 106 Savelli.pdf', 'O'),
('gatt', 'TP1', '106', 'Semenadisse', 'Lu 04-11', 'Lu 09-12', '1', '20', 174, '', 'TS1CIRA Semenadisse/TS1CIRA 106 Semenadisse.pdf', 'O'),
('gatt', 'TP1', '106', 'Vaiarello', 'Lu 04-11', 'Lu 02-12', '1', '20', 175, '', 'TS1CIRA Vaiarello/TS1CIRA 106 Vaiarello.pdf', 'O'),
('gatt', 'TP1', '107', 'Andreani', 'Lu 25-11', '', '1', 'Nnot', 176, '', '', 'N'),
('gatt', 'TP1', '107', 'Arcas', 'Lu 25-11', 'Me 15-01', '0', '0', 177, '', 'TS1CIRA Arcas/TS1CIRA 107 Arcas.pdf', 'O'),
('gatt', 'TP1', '107', 'Auda', 'Lu 25-11', NULL, '1', NULL, 178, '', '', 'O'),
('gatt', 'TP1', '107', 'Colas', 'Lu 25-11', NULL, '1', NULL, 179, '', '', 'O'),
('gatt', 'TP1', '107', 'Crivello', 'Lu 25-11', NULL, '1', NULL, 180, '', '', 'O'),
('gatt', 'TP1', '107', 'Dethorey', 'Lu 25-11', 'Lu 16-12', '1', '0', 181, '', 'TS1CIRA Dethorey/TS1CIRA 107 Dethorey.pdf', 'O'),
('gatt', 'TP1', '107', 'Golleret', 'Lu 25-11', 'Lu 06-01', '1', '0', 182, '', 'TS1CIRA Golleret/TS1CIRA 107 Golleret.pdf', 'O'),
('gatt', 'TP1', '107', 'Krout', 'Lu 25-11', 'Ve 10-01', '1', '0', 183, '', 'TS1CIRA Krout/TS1CIRA 107 Krout.pdf', 'O'),
('gatt', 'TP1', '107', 'Raffellini', 'Lu 25-11', NULL, '1', NULL, 185, '', '', 'O'),
('gatt', 'TP1', '107', 'Rein', 'Lu 25-11', 'Lu 02-12', '0', '0', 186, '', 'TS1CIRA Rein/TS1CIRA 107 Rein.pdf', 'O'),
('gatt', 'TP1', '107', 'Roussel', 'Lu 25-11', 'Lu 25-11', '1', '20', 187, '', 'TS1CIRA Roussel/TS1CIRA 107 Roussel.pdf', 'O'),
('gatt', 'TP1', '107', 'Russo', 'Lu 25-11', 'Ma 03-12', '0', '0', 188, '', 'TS1CIRA Russo/TS1CIRA 107 Russo.pdf', 'O'),
('gatt', 'TP1', '107', 'Santoni', 'Lu 25-11', 'Me 15-01', '1', '7', 189, '', 'TS1CIRA Santoni/TS1CIRA 107 Santoni.pdf', 'O'),
('gatt', 'TP1', '107', 'Savelli', 'Lu 25-11', NULL, '1', NULL, 190, '', '', 'O'),
('gatt', 'TP1', '107', 'Semenadisse', 'Lu 25-11', 'Me 15-01', '0', '0', 191, '', 'TS1CIRA Semenadisse/TS1CIRA 107 Semenadisse.pdf', 'O'),
('gatt', 'TP1', '107', 'Vaiarello', 'Lu 25-11', NULL, '1', NULL, 192, '', '', 'O'),
('gatt', 'TP1', '108', 'Andreani', 'Ma 03-12', 'Me 04-12', '1', '0', 193, '', '', 'N'),
('gatt', 'TP1', '108', 'Arcas', 'Ma 03-12', 'Lu 16-12', '0', '6', 194, '', 'TS1CIRA Arcas/TS1CIRA 108 Arcas.pdf', 'O'),
('gatt', 'TP1', '108', 'Auda', 'Ma 03-12', 'Lu 16-12', '1', '20', 195, '', 'TS1CIRA Auda/TS1CIRA 108 Auda.pdf', 'O'),
('gatt', 'TP1', '108', 'Colas', 'Ma 03-12', 'Lu 06-01', '0', '6', 196, '', 'TS1CIRA Colas/TS1CIRA 108 Colas.pdf', 'O'),
('gatt', 'TP1', '108', 'Crivello', 'Ma 03-12', 'Lu 16-12', '1', '6', 197, '', 'TS1CIRA Crivello/TS1CIRA 108 Crivello.pdf', 'O'),
('gatt', 'TP1', '108', 'Dethorey', 'Ma 03-12', 'Ma 14-01', '1', '18', 198, '', 'TS1CIRA Dethorey/TS1CIRA 108 Dethorey.pdf', 'O'),
('gatt', 'TP1', '108', 'Golleret', 'Ma 03-12', 'Ma 17-12', '1', '6', 199, '', 'TS1CIRA Golleret/TS1CIRA 108 Golleret.pdf', 'O'),
('gatt', 'TP1', '108', 'Krout', 'Ma 03-12', NULL, '1', NULL, 200, '', '', 'O'),
('gatt', 'TP1', '108', 'Raffellini', 'Ma 03-12', NULL, '1', NULL, 202, '', '', 'O'),
('gatt', 'TP1', '108', 'Rein', 'Ma 03-12', 'Lu 09-12', '1', '18', 203, '', 'TS1CIRA Rein/TS1CIRA 108 Rein.pdf', 'O'),
('gatt', 'TP1', '108', 'Roussel', 'Ma 03-12', 'Ma 03-12', '1', '16', 204, '', 'TS1CIRA Roussel/TS1CIRA 108 Roussel.pdf', 'O'),
('gatt', 'TP1', '108', 'Russo', 'Ma 03-12', 'Lu 09-12', '1', '18', 205, '', 'TS1CIRA Russo/TS1CIRA 108 Russo.pdf', 'O'),
('gatt', 'TP1', '108', 'Santoni', 'Ma 03-12', 'Me 15-01', '1', '6', 206, '', 'TS1CIRA Santoni/TS1CIRA 108 Santoni.pdf', 'O'),
('gatt', 'TP1', '108', 'Savelli', 'Ma 03-12', 'Lu 13-01', '1', '6', 207, '', 'TS1CIRA Savelli/TS1CIRA 108 Savelli.pdf', 'O'),
('gatt', 'TP1', '108', 'Semenadisse', 'Ma 03-12', 'Lu 13-01', '0', '6', 208, '', 'TS1CIRA Semenadisse/TS1CIRA 108 Semenadisse.pdf', 'O'),
('gatt', 'TP1', '108', 'Vaiarello', 'Ma 03-12', NULL, '1', NULL, 209, '', '', 'O'),
('gatt', 'Ecrit 1', 'DS2', 'Andreani', 'Lu 09-12', 'Lu 09-12', '1', '0', 210, '', 'TS1CIRA Andreani/TS1CIRA DS2 Andreani.pdf', 'N'),
('gatt', 'Ecrit 1', 'DS2', 'Arcas', 'Lu 09-12', 'Lu 09-12', '1', '2', 211, '', 'TS1CIRA Arcas/TS1CIRA DS2 Arcas.pdf', 'O'),
('gatt', 'Ecrit 1', 'DS2', 'Auda', 'Lu 09-12', 'Lu 09-12', '1', '9,5', 212, '', 'TS1CIRA Auda/TS1CIRA DS2 Auda.pdf', 'O'),
('gatt', 'Ecrit 1', 'DS2', 'Colas', 'Lu 09-12', 'Lu 09-12', '1', '1,5', 213, '', 'TS1CIRA Colas/TS1CIRA DS2 Colas.pdf', 'O'),
('gatt', 'Ecrit 1', 'DS2', 'Crivello', 'Lu 09-12', 'Lu 09-12', '1', '18', 214, '', 'TS1CIRA Crivello/TS1CIRA DS2 Crivello.pdf', 'O'),
('gatt', 'Ecrit 1', 'DS2', 'Dethorey', 'Lu 09-12', 'Lu 09-12', '1', '18', 215, '', 'TS1CIRA Dethorey/TS1CIRA DS2 Dethorey.pdf', 'O'),
('gatt', 'Ecrit 1', 'DS2', 'Golleret', 'Lu 09-12', 'Lu 09-12', '1', '1,5', 216, '', 'TS1CIRA Golleret/TS1CIRA DS2 Golleret.pdf', 'O'),
('gatt', 'Ecrit 1', 'DS2', 'Krout', 'Lu 09-12', NULL, '1', 'Nnot', 217, '', '', 'O'),
('gatt', 'Ecrit 1', 'DS2', 'Raffellini', 'Lu 09-12', 'Lu 09-12', '1', '12', 218, '', 'TS1CIRA Raffellini/TS1CIRA DS2 Raffellini.pdf', 'O'),
('gatt', 'Ecrit 1', 'DS2', 'Rein', 'Lu 09-12', 'Lu 09-12', '1', '20', 219, '', 'TS1CIRA Rein/TS1CIRA DS2 Rein.pdf', 'O'),
('gatt', 'Ecrit 1', 'DS2', 'Roussel', 'Lu 09-12', 'Lu 09-12', '1', '20', 220, '', 'TS1CIRA Roussel/TS1CIRA DS2 Roussel.pdf', 'O'),
('gatt', 'Ecrit 1', 'DS2', 'Russo', 'Lu 09-12', 'Lu 09-12', '1', '8,5', 221, '', 'TS1CIRA Russo/TS1CIRA DS2 Russo.pdf', 'O'),
('gatt', 'Ecrit 1', 'DS2', 'Santoni', 'Lu 09-12', 'Lu 09-12', '1', '14', 222, '', 'TS1CIRA Santoni/TS1CIRA DS2 Santoni.pdf', 'O'),
('gatt', 'Ecrit 1', 'DS2', 'Savelli', 'Lu 09-12', 'Lu 09-12', '1', '0', 223, '', 'TS1CIRA Savelli/TS1CIRA DS2 Savelli.pdf', 'O'),
('gatt', 'Ecrit 1', 'DS2', 'Semenadisse', 'Lu 09-12', 'Lu 09-12', '1', '2,5', 224, '', 'TS1CIRA Semenadisse/TS1CIRA DS2 Semenadisse.pdf', 'O'),
('gatt', 'Ecrit 1', 'DS2', 'Vaiarello', 'Lu 09-12', 'Lu 09-12', '1', '9,5', 225, '', 'TS1CIRA Vaiarello/TS1CIRA DS2 Vaiarello.pdf', 'O'),
('gatt', 'TP1', '109', 'Andreani', 'Lu 16-12', '', '1', 'Nnot', 226, '', '', 'N'),
('gatt', 'TP1', '109', 'Arcas', 'Lu 16-12', NULL, '1', NULL, 227, '', '', 'O'),
('gatt', 'TP1', '109', 'Auda', 'Lu 16-12', NULL, '1', NULL, 228, '', '', 'O'),
('gatt', 'TP1', '109', 'Colas', 'Lu 16-12', NULL, '1', NULL, 229, '', '', 'O'),
('gatt', 'TP1', '109', 'Crivello', 'Lu 16-12', NULL, '1', NULL, 230, '', '', 'O'),
('gatt', 'TP1', '109', 'Dethorey', 'Lu 16-12', NULL, '1', NULL, 231, '', '', 'O'),
('gatt', 'TP1', '109', 'Golleret', 'Lu 16-12', NULL, '1', NULL, 232, '', '', 'O'),
('gatt', 'TP1', '109', 'Krout', 'Lu 16-12', NULL, '1', NULL, 233, '', '', 'O'),
('gatt', 'TP1', '109', 'Raffellini', 'Lu 16-12', NULL, '1', NULL, 235, '', '', 'O'),
('gatt', 'TP1', '109', 'Rein', 'Lu 16-12', 'Lu 16-12', '1', '10', 236, '', 'TS1CIRA Rein/TS1CIRA 109 Rein.pdf', 'O'),
('gatt', 'TP1', '109', 'Roussel', 'Lu 16-12', NULL, '1', NULL, 237, '', '', 'O'),
('gatt', 'TP1', '109', 'Russo', 'Lu 16-12', NULL, '1', NULL, 238, '', '', 'O'),
('gatt', 'TP1', '109', 'Santoni', 'Lu 16-12', NULL, '1', NULL, 239, '', '', 'O'),
('gatt', 'TP1', '109', 'Savelli', 'Lu 16-12', NULL, '1', NULL, 240, '', '', 'O'),
('gatt', 'TP1', '109', 'Semenadisse', 'Lu 16-12', NULL, '1', NULL, 241, '', '', 'O'),
('gatt', 'TP1', '109', 'Vaiarello', 'Lu 16-12', NULL, '1', NULL, 242, '', '', 'O'),
('gatt', 'TP1', '201', 'Andreani', 'Lu 16-12', '', '1', 'Nnot', 243, '', '', 'N'),
('gatt', 'TP1', '201', 'Arcas', 'Lu 16-12', 'Me 15-01', '1', '12', 244, '', 'TS1CIRA Arcas/TS1CIRA 201 Arcas.pdf', 'O'),
('gatt', 'TP1', '201', 'Auda', 'Lu 16-12', 'Me 15-01', '1', '12', 245, '', 'TS1CIRA Auda/TS1CIRA 201 Auda.pdf', 'O'),
('gatt', 'TP1', '201', 'Colas', 'Lu 16-12', 'Lu 06-01', '1', '6', 246, '', 'TS1CIRA Colas/TS1CIRA 201 Colas.pdf', 'O'),
('gatt', 'TP1', '201', 'Crivello', 'Lu 16-12', 'Lu 06-01', '1', '14', 247, '', 'TS1CIRA Crivello/TS1CIRA 201 Crivello.pdf', 'O'),
('gatt', 'TP1', '201', 'Dethorey', 'Lu 16-12', NULL, '1', NULL, 248, '', '', 'O'),
('gatt', 'TP1', '201', 'Golleret', 'Lu 16-12', 'Ma 21-01', '1', NULL, 249, '', 'TS1CIRA Golleret/TS1CIRA 201 Golleret.pdf', 'O'),
('gatt', 'TP1', '201', 'Krout', 'Lu 16-12', NULL, '1', NULL, 250, '', '', 'O'),
('gatt', 'TP1', '201', 'Raffellini', 'Lu 16-12', 'Lu 06-01', '1', '20', 252, '', 'TS1CIRA Raffellini/TS1CIRA 201 Raffellini.pdf', 'O'),
('gatt', 'TP1', '201', 'Rein', 'Lu 16-12', 'Lu 16-12', '0', '4', 253, '', 'TS1CIRA Rein/TS1CIRA 201 Rein.pdf', 'O'),
('gatt', 'TP1', '201', 'Roussel', 'Lu 16-12', 'Lu 16-12', '0', '12', 254, '', 'TS1CIRA Roussel/TS1CIRA 201 Roussel.pdf', 'O'),
('gatt', 'TP1', '201', 'Russo', 'Lu 16-12', 'Lu 16-12', '1', '14', 255, '', 'TS1CIRA Russo/TS1CIRA 201 Russo.pdf', 'O'),
('gatt', 'TP1', '201', 'Santoni', 'Lu 16-12', 'Ma 14-01', '1', '12', 256, '', 'TS1CIRA Santoni/TS1CIRA 201 Santoni.pdf', 'O'),
('gatt', 'TP1', '201', 'Savelli', 'Lu 16-12', 'Lu 13-01', '1', '14', 257, '', 'TS1CIRA Savelli/TS1CIRA 201 Savelli.pdf', 'O'),
('gatt', 'TP1', '201', 'Semenadisse', 'Lu 16-12', 'Me 15-01', '1', '12', 258, '', 'TS1CIRA Semenadisse/TS1CIRA 201 Semenadisse.pdf', 'O'),
('gatt', 'TP1', '201', 'Vaiarello', 'Lu 16-12', 'Lu 16-12', '1', '14', 259, '', 'TS1CIRA Vaiarello/TS1CIRA 201 Vaiarello.pdf', 'O'),
('gatt', 'TP2', '202', 'Vaiarello', 'Me 15-01', 'Lu 20-01', '1', '13,5', 291, 'Cahier 6 Raffellini', 'TS1CIRA Vaiarello/TS1CIRA 202 Vaiarello.pdf', 'O'),
('gatt', 'TP2', '202', 'Semenadisse', 'Me 15-01', NULL, '1', NULL, 290, '', '', 'O'),
('gatt', 'TP2', '202', 'Savelli', 'Me 15-01', 'Lu 03-02', '1', '11,5', 289, '', 'TS1CIRA Savelli/TS1CIRA 202 Savelli.pdf', 'O'),
('gatt', 'TP2', '202', 'Santoni', 'Me 15-01', 'Me 15-01', '0', '10', 288, '', 'TS1CIRA Santoni/TS1CIRA 202 Santoni.pdf', 'O'),
('gatt', 'TP2', '202', 'Russo', 'Me 15-01', 'Lu 20-01', '1', '15,5', 287, '', 'TS1CIRA Russo/TS1CIRA 202 Russo.pdf', 'O'),
('gatt', 'TP2', '202', 'Roussel', 'Me 15-01', 'Me 15-01', '1', '18', 286, '', 'TS1CIRA Roussel/TS1CIRA 202 Roussel.pdf', 'O'),
('gatt', 'TP2', '202', 'Rein', 'Me 15-01', 'Ma 21-01', '0', '18', 285, '', 'TS1CIRA Rein/TS1CIRA 202 Rein.pdf', 'O'),
('gatt', 'TP2', '202', 'Raffellini', 'Me 15-01', 'Me 15-01', '1', '20', 284, '', 'TS1CIRA Raffellini/TS1CIRA 202 Raffellini.pdf', 'O'),
('gatt', 'TP2', '202', 'Golleret', 'Me 15-01', NULL, '1', NULL, 282, '', '', 'O'),
('gatt', 'TP2', '202', 'Dethorey', 'Me 15-01', 'Lu 03-02', '1', '11,5', 281, '', 'TS1CIRA Dethorey/TS1CIRA 202 Dethorey.pdf', 'O'),
('gatt', 'TP2', '202', 'Colas', 'Me 15-01', 'Lu 27-01', '0', '10', 279, '', 'TS1CIRA Colas/TS1CIRA 202 Colas.pdf', 'O'),
('gatt', 'TP2', '202', 'Auda', 'Me 15-01', NULL, '1', NULL, 278, '', '', 'O'),
('gatt', 'TP2', '202', 'Andreani', 'Me 15-01', '', '1', 'Nnot', 276, '', '', 'N'),
('gatt', 'TP2', '202', 'Arcas', 'Me 15-01', NULL, '1', NULL, 277, '', '', 'O'),
('gatt', 'TP2', '202', 'Krout', 'Me 15-01', NULL, '1', NULL, 283, '', '', 'O'),
('gatt', 'TP2', '202', 'Crivello', 'Me 15-01', NULL, '1', NULL, 280, '', '', 'O'),
('gatt', 'Oral 2', 'Oral 2', 'Andreani', 'Me 15-01', '', '1', '7', 292, '', '', '1'),
('gatt', 'Oral 2', 'Oral 2', 'Arcas', 'Me 15-01', NULL, '1', '17', 293, '', '', 'O'),
('gatt', 'Oral 2', 'Oral 2', 'Auda', 'Me 15-01', NULL, '1', '3', 294, '', '', 'O'),
('gatt', 'Oral 2', 'Oral 2', 'Colas', 'Me 15-01', NULL, '1', '13.5', 295, '', '', 'O'),
('gatt', 'Oral 2', 'Oral 2', 'Dethorey', 'Me 15-01', NULL, '1', '13', 297, '', '', 'O'),
('gatt', 'Oral 2', 'Oral 2', 'Golleret', 'Me 15-01', NULL, '1', '8', 298, '', '', 'O'),
('gatt', 'Oral 2', 'Oral 2', 'Krout', 'Me 15-01', NULL, '1', '8', 299, '', '', 'O'),
('gatt', 'Oral 2', 'Oral 2', 'Raffellini', 'Me 15-01', NULL, '1', '13', 300, '', '', 'O'),
('gatt', 'Oral 2', 'Oral 2', 'Rein', 'Me 15-01', NULL, '1', '16', 301, '', '', 'O'),
('gatt', 'Oral 2', 'Oral 2', 'Roussel', 'Me 15-01', NULL, '1', '13', 302, '', '', 'O'),
('gatt', 'Oral 2', 'Oral 2', 'Russo', 'Me 15-01', NULL, '1', '9', 303, '', '', 'O'),
('gatt', 'Oral 2', 'Oral 2', 'Santoni', 'Me 15-01', NULL, '1', '14.5', 304, '', '', 'O'),
('gatt', 'Oral 2', 'Oral 2', 'Savelli', 'Me 15-01', NULL, '1', NULL, 305, '', '', 'O'),
('gatt', 'Oral 2', 'Oral 2', 'Semenadisse', 'Me 15-01', NULL, '1', '12', 306, '', '', 'O'),
('gatt', 'Oral 2', 'Oral 2', 'Vaiarello', 'Me 15-01', NULL, '1', '12', 307, '', '', 'O'),
('gatt', 'Ecrit 2', 'DS3', 'Andreani', 'Lu 20-01', '', '1', 'Nnot', 308, '', '', 'N'),
('gatt', 'Ecrit 2', 'DS3', 'Arcas', 'Lu 20-01', 'Me 22-01', '1', '2,5', 309, '', 'TS1CIRA Arcas/TS1CIRA DS3 Arcas.pdf', 'O'),
('gatt', 'Ecrit 2', 'DS3', 'Auda', 'Lu 20-01', NULL, '1', NULL, 310, '', '', 'O'),
('gatt', 'Ecrit 2', 'DS3', 'Colas', 'Lu 20-01', 'Me 22-01', '1', '5', 311, '', 'TS1CIRA Colas/TS1CIRA DS3 Colas.pdf', 'O'),
('gatt', 'Ecrit 2', 'DS3', 'Crivello', 'Lu 20-01', 'Me 22-01', '1', '0', 312, '', 'TS1CIRA Crivello/TS1CIRA DS3 Crivello.pdf', 'O'),
('gatt', 'Ecrit 2', 'DS3', 'Dethorey', 'Lu 20-01', 'Me 22-01', '1', '6,5', 313, '', 'TS1CIRA Dethorey/TS1CIRA DS3 Dethorey.pdf', 'O'),
('gatt', 'Ecrit 2', 'DS3', 'Golleret', 'Lu 20-01', 'Me 22-01', '1', '3', 314, '', 'TS1CIRA Golleret/TS1CIRA DS3 Golleret.pdf', 'O'),
('gatt', 'Ecrit 2', 'DS3', 'Krout', 'Lu 20-01', 'Me 22-01', '1', '4,5', 315, '', 'TS1CIRA Krout/TS1CIRA DS3 Krout.pdf', 'O'),
('gatt', 'Ecrit 2', 'DS3', 'Raffellini', 'Lu 20-01', 'Me 22-01', '1', '13,5', 316, '', 'TS1CIRA Raffellini/TS1CIRA DS3 Raffellini.pdf', 'O'),
('gatt', 'Ecrit 2', 'DS3', 'Rein', 'Lu 20-01', 'Me 22-01', '1', '14', 317, '', 'TS1CIRA Rein/TS1CIRA DS3 Rein.pdf', 'O'),
('gatt', 'Ecrit 2', 'DS3', 'Roussel', 'Lu 20-01', 'Me 22-01', '1', '16', 318, '', 'TS1CIRA Roussel/TS1CIRA DS3 Roussel.pdf', 'O'),
('gatt', 'Ecrit 2', 'DS3', 'Russo', 'Lu 20-01', 'Me 22-01', '1', '2,5', 319, '', 'TS1CIRA Russo/TS1CIRA DS3 Russo.pdf', 'O'),
('gatt', 'Ecrit 2', 'DS3', 'Santoni', 'Lu 20-01', 'Me 22-01', '1', '5', 320, '', 'TS1CIRA Santoni/TS1CIRA DS3 Santoni.pdf', 'O'),
('gatt', 'Ecrit 2', 'DS3', 'Savelli', 'Lu 20-01', 'Me 22-01', '1', '0,5', 321, '', 'TS1CIRA Savelli/TS1CIRA DS3 Savelli.pdf', 'O'),
('gatt', 'Ecrit 2', 'DS3', 'Semenadisse', 'Lu 20-01', 'Me 22-01', '1', '6,5', 322, '', 'TS1CIRA Semenadisse/TS1CIRA DS3 Semenadisse.pdf', 'O'),
('gatt', 'Ecrit 2', 'DS3', 'Vaiarello', 'Lu 20-01', 'Me 22-01', '1', '10,5', 323, '', 'TS1CIRA Vaiarello/TS1CIRA DS3 Vaiarello.pdf', 'O'),
('gatt', 'TP2', 'PO', 'Roussel', 'Sa 25-01', NULL, '1', '20', 350, '', '', 'O'),
('gatt', 'TP2', 'PO', 'Rein', 'Sa 25-01', '', '1', '20', 349, '', '', 'N'),
('gatt', 'TP2', '203', 'Andreani', 'Lu 03-02', '', '1', 'Nnot', 356, '', '', 'N'),
('gatt', 'TP2', '203', 'Arcas', 'Lu 03-02', NULL, '1', NULL, 357, '', '', 'O'),
('gatt', 'TP2', '203', 'Auda', 'Lu 03-02', NULL, '1', NULL, 358, '', '', 'O'),
('gatt', 'TP2', '203', 'Colas', 'Lu 03-02', NULL, '1', NULL, 359, '', '', 'O'),
('gatt', 'TP2', '203', 'Crivello', 'Lu 03-02', NULL, '1', NULL, 360, '', '', 'O'),
('gatt', 'TP2', '203', 'Dethorey', 'Lu 03-02', NULL, '1', NULL, 361, '', '', 'O'),
('gatt', 'TP2', '203', 'Golleret', 'Lu 03-02', NULL, '1', NULL, 362, '', '', 'O'),
('gatt', 'TP2', 'PO', 'Russo', 'Sa 25-01', NULL, '1', '20', 351, '', '', 'O'),
('gatt', 'TP2', '203', 'Krout', 'Lu 03-02', NULL, '1', NULL, 363, '', '', 'O'),
('gatt', 'TP2', '203', 'Raffellini', 'Lu 03-02', NULL, '1', NULL, 364, '', '', 'O'),
('gatt', 'TP2', '203', 'Rein', 'Lu 03-02', 'Lu 10-02', '0', '15', 365, '', 'TS1CIRA Rein/TS1CIRA 203 Rein.pdf', 'O'),
('gatt', 'TP2', '203', 'Roussel', 'Lu 03-02', 'Lu 10-02', '0', '15', 366, '', 'TS1CIRA Roussel/TS1CIRA 203 Roussel.zm2', 'O'),
('gatt', 'TP2', '203', 'Russo', 'Lu 03-02', 'Lu 03-02', '1', '17', 367, '', 'TS1CIRA Russo/TS1CIRA 203 Russo.pdf', 'O'),
('gatt', 'TP2', '203', 'Santoni', 'Lu 03-02', NULL, '1', NULL, 368, '', '', 'O'),
('gatt', 'TP2', '203', 'Savelli', 'Lu 03-02', NULL, '1', NULL, 369, '', '', 'O'),
('gatt', 'TP2', '203', 'Semenadisse', 'Lu 03-02', NULL, '1', NULL, 370, '', '', 'O'),
('gatt', 'TP2', '203', 'Vaiarello', 'Lu 03-02', 'Lu 03-02', '1', '9', 371, '', 'TS1CIRA Vaiarello/TS1CIRA 203 Vaiarello.pdf', 'O'),
('gatt', 'TP2', '204', 'Andreani', 'Lu 03-02', '', '1', 'Nnot', 372, '', '', 'N'),
('gatt', 'TP2', '204', 'Arcas', 'Lu 03-02', NULL, '1', NULL, 373, '', '', 'O'),
('gatt', 'TP2', '204', 'Auda', 'Lu 03-02', NULL, '1', NULL, 374, '', '', 'O'),
('gatt', 'TP2', '204', 'Colas', 'Lu 03-02', NULL, '1', NULL, 375, '', '', 'O'),
('gatt', 'TP2', '204', 'Crivello', 'Lu 03-02', NULL, '1', NULL, 376, '', '', 'O'),
('gatt', 'TP2', '204', 'Dethorey', 'Lu 03-02', NULL, '1', NULL, 377, '', '', 'O'),
('gatt', 'TP2', '204', 'Golleret', 'Lu 03-02', NULL, '1', NULL, 378, '', '', 'O'),
('gatt', 'TP2', '204', 'Krout', 'Lu 03-02', NULL, '1', NULL, 379, '', '', 'O'),
('gatt', 'TP2', '204', 'Raffellini', 'Lu 03-02', NULL, '1', NULL, 380, '', '', 'O'),
('gatt', 'TP2', '204', 'Rein', 'Lu 03-02', 'Lu 03-02', '0', '10', 381, '', 'TS1CIRA Rein/TS1CIRA 204 Rein.pdf', 'O'),
('gatt', 'TP2', '204', 'Roussel', 'Lu 03-02', 'Lu 03-02', '0', '12', 382, '', 'TS1CIRA Roussel/TS1CIRA 204 Roussel.pdf', 'O'),
('gatt', 'TP2', '204', 'Russo', 'Lu 03-02', 'Lu 03-02', '1', '2', 383, '', 'TS1CIRA Russo/TS1CIRA 204 Russo.pdf', 'O'),
('gatt', 'TP2', '204', 'Santoni', 'Lu 03-02', NULL, '1', NULL, 384, '', '', 'O'),
('gatt', 'TP2', '204', 'Savelli', 'Lu 03-02', NULL, '1', NULL, 385, '', '', 'O'),
('gatt', 'TP2', '204', 'Semenadisse', 'Lu 03-02', NULL, '1', NULL, 386, '', '', 'O'),
('gatt', 'TP2', '204', 'Vaiarello', 'Lu 03-02', 'Lu 10-02', '0', '0', 387, '', 'TS1CIRA Vaiarello/TS1CIRA 204 Vaiarello.pdf', 'O'),
('gatt', 'TP2', '301', 'Andreani', 'Lu 03-02', 'Lu 10-02', '1', '18', 388, '', 'TS1CIRA Andreani/TS1CIRA 301 Andreani.pdf', 'N'),
('gatt', 'TP2', '301', 'Arcas', 'Lu 03-02', 'Lu 03-02', '1', '19', 389, '', 'TS1CIRA Arcas/TS1CIRA 301 Arcas.pdf', 'O'),
('gatt', 'TP2', '301', 'Auda', 'Lu 03-02', 'Lu 03-02', '1', '16', 390, '', 'TS1CIRA Auda/TS1CIRA 301 Auda.pdf', 'O'),
('gatt', 'TP2', '301', 'Colas', 'Lu 03-02', 'Lu 10-02', '1', '20', 391, '', 'TS1CIRA Colas/TS1CIRA 301 Colas.pdf', 'O'),
('gatt', 'TP2', '301', 'Crivello', 'Lu 03-02', NULL, '1', NULL, 392, '', '', 'O'),
('gatt', 'TP2', '301', 'Dethorey', 'Lu 03-02', 'Ma 04-02', '1', '18', 393, '', 'TS1CIRA Dethorey/TS1CIRA 301 Dethorey.jpg', 'O'),
('gatt', 'TP2', '301', 'Golleret', 'Lu 03-02', NULL, '1', NULL, 394, '', '', 'O'),
('gatt', 'TP2', '301', 'Krout', 'Lu 03-02', 'Lu 10-02', '1', '19', 395, '', 'TS1CIRA Krout/TS1CIRA 301 Krout.pdf', 'O'),
('gatt', 'TP2', '301', 'Raffellini', 'Lu 03-02', 'Lu 03-02', '1', '19', 396, '', 'TS1CIRA Raffellini/TS1CIRA 301 Raffellini.pdf', 'O'),
('gatt', 'TP2', '301', 'Rein', 'Lu 03-02', 'Lu 10-02', '1', '19', 397, '', 'TS1CIRA Rein/TS1CIRA 301 Rein.pdf', 'O'),
('gatt', 'TP2', '301', 'Roussel', 'Lu 03-02', 'Lu 10-02', '1', '19', 398, '', 'TS1CIRA Roussel/TS1CIRA 301 Roussel.pdf', 'O'),
('gatt', 'TP2', '301', 'Russo', 'Lu 03-02', 'Lu 03-02', '1', '18', 399, '', 'TS1CIRA Russo/TS1CIRA 301 Russo.pdf', 'O'),
('gatt', 'TP2', '301', 'Santoni', 'Lu 03-02', 'Lu 10-02', '1', '20', 400, '', 'TS1CIRA Santoni/TS1CIRA 301 Santoni.pdf', 'O'),
('gatt', 'TP2', '301', 'Savelli', 'Lu 03-02', 'Lu 03-02', '1', '19', 401, '', 'TS1CIRA Savelli/TS1CIRA 301 Savelli.pdf', 'O'),
('gatt', 'TP2', '301', 'Semenadisse', 'Lu 03-02', 'Lu 10-02', '1', '19', 402, '', 'TS1CIRA Semenadisse/TS1CIRA 301 Semenadisse.prg', 'O'),
('gatt', 'TP2', '301', 'Vaiarello', 'Lu 03-02', 'Lu 03-02', '1', '16', 403, '', 'TS1CIRA Vaiarello/TS1CIRA 301 Vaiarello.pdf', 'O'),
('gatt', 'TP2', '302', 'Andreani', 'Lu 03-02', 'Lu 10-02', '1', '17', 404, '', 'TS1CIRA Andreani/TS1CIRA 302 Andreani.pdf', 'N'),
('gatt', 'TP2', '302', 'Arcas', 'Lu 03-02', 'Lu 03-02', '1', '17', 405, '', 'TS1CIRA Arcas/TS1CIRA 302 Arcas.pdf', 'O'),
('gatt', 'TP2', '302', 'Auda', 'Lu 03-02', 'Lu 10-02', '1', '18', 406, '', 'TS1CIRA Auda/TS1CIRA 302 Auda.pdf', 'O'),
('gatt', 'TP2', '302', 'Colas', 'Lu 03-02', 'Lu 10-02', '1', '18', 407, '', 'TS1CIRA Colas/TS1CIRA 302 Colas.pdf', 'O'),
('gatt', 'TP2', '302', 'Dethorey', 'Lu 03-02', 'Lu 10-02', '1', '18', 409, '', 'TS1CIRA Dethorey/TS1CIRA 302 Dethorey.pdf', 'O'),
('gatt', 'TP2', '302', 'Golleret', 'Lu 03-02', NULL, '1', NULL, 410, '', '', 'O'),
('gatt', 'TP2', '302', 'Krout', 'Lu 03-02', 'Lu 10-02', '1', '18', 411, '', 'TS1CIRA Krout/TS1CIRA 302 Krout.prg', 'O'),
('gatt', 'TP2', '302', 'Raffellini', 'Lu 03-02', 'Lu 10-02', '1', '19', 412, '', 'TS1CIRA Raffellini/TS1CIRA 302 Raffellini.pdf', 'O'),
('gatt', 'TP2', '302', 'Rein', 'Lu 03-02', 'Lu 10-02', '1', '18', 413, '', 'TS1CIRA Rein/TS1CIRA 302 Rein.pdf', 'O'),
('gatt', 'TP2', '302', 'Roussel', 'Lu 03-02', 'Lu 10-02', '1', '18', 414, '', 'TS1CIRA Roussel/TS1CIRA 302 Roussel.pdf', 'O'),
('gatt', 'TP2', '302', 'Russo', 'Lu 03-02', 'Lu 03-02', '1', '18', 415, '', 'TS1CIRA Russo/TS1CIRA 302 Russo.pdf', 'O'),
('gatt', 'TP2', '302', 'Santoni', 'Lu 03-02', 'Lu 10-02', '1', '17', 416, '', 'TS1CIRA Santoni/TS1CIRA 302 Santoni.pdf', 'O'),
('gatt', 'TP2', '302', 'Savelli', 'Lu 03-02', 'Lu 03-02', '1', '17', 417, '', 'TS1CIRA Savelli/TS1CIRA 302 Savelli.pdf', 'O'),
('gatt', 'TP2', '302', 'Semenadisse', 'Lu 03-02', 'Lu 10-02', '1', '18', 418, '', 'TS1CIRA Semenadisse/TS1CIRA 302 Semenadisse.prg', 'O'),
('gatt', 'TP2', '302', 'Vaiarello', 'Lu 03-02', 'Lu 10-02', '1', '19', 419, '', 'TS1CIRA Vaiarello/TS1CIRA 302 Vaiarello.pdf', 'O'),
('gatt', 'TP2', '303', 'Andreani', 'Lu 03-02', 'Lu 10-02', '1', '17', 420, '', 'TS1CIRA Andreani/TS1CIRA 303 Andreani.prg', 'N'),
('gatt', 'TP2', '303', 'Arcas', 'Lu 03-02', 'Lu 17-02', '1', '20', 421, '', 'TS1CIRA Arcas/TS1CIRA 303 Arcas.pdf', 'O'),
('gatt', 'TP2', '303', 'Auda', 'Lu 03-02', 'Lu 10-02', '1', '20', 422, '', 'TS1CIRA Auda/TS1CIRA 303 Auda.pdf', 'O'),
('gatt', 'TP2', '303', 'Colas', 'Lu 03-02', 'Lu 10-02', '1', '17', 423, '', 'TS1CIRA Colas/TS1CIRA 303 Colas.pdf', 'O'),
('gatt', 'TP2', '303', 'Dethorey', 'Lu 03-02', 'Me 05-03', '1', '20', 425, '', 'TS1CIRA Dethorey/TS1CIRA 303 Dethorey.pdf', 'O'),
('gatt', 'TP2', '303', 'Golleret', 'Lu 03-02', 'Lu 10-03', '1', '20', 426, 'A recorriger', 'TS1CIRA Golleret/TS1CIRA 303 Golleret.pdf', 'O'),
('gatt', 'TP2', '303', 'Krout', 'Lu 03-02', 'Lu 17-02', '1', '20', 427, '', 'TS1CIRA Krout/TS1CIRA 303 Krout.pdf', 'O'),
('gatt', 'TP2', '303', 'Raffellini', 'Lu 03-02', 'Lu 10-02', '0', '14', 428, '', 'TS1CIRA Raffellini/TS1CIRA 303 Raffellini.pdf', 'O'),
('gatt', 'TP2', '303', 'Rein', 'Lu 03-02', 'Lu 10-02', '1', '20', 429, '', 'TS1CIRA Rein/TS1CIRA 303 Rein.prg', 'O'),
('gatt', 'TP2', '303', 'Roussel', 'Lu 03-02', 'Lu 10-02', '1', '20', 430, '', 'TS1CIRA Roussel/TS1CIRA 303 Roussel.pdf', 'O'),
('gatt', 'TP2', '303', 'Russo', 'Lu 03-02', NULL, '1', '0', 431, '', '', 'O'),
('gatt', 'TP2', '303', 'Santoni', 'Lu 03-02', 'Lu 10-02', '1', '17', 432, '', 'TS1CIRA Santoni/TS1CIRA 303 Santoni.prg', 'O'),
('gatt', 'TP2', '303', 'Savelli', 'Lu 03-02', 'Lu 10-02', '1', '17', 433, '', 'TS1CIRA Savelli/TS1CIRA 303 Savelli.pdf', 'O'),
('gatt', 'TP2', '303', 'Semenadisse', 'Lu 03-02', 'Lu 10-02', '1', '17', 434, '', 'TS1CIRA Semenadisse/TS1CIRA 303 Semenadisse.pdf', 'O'),
('gatt', 'TP2', '303', 'Vaiarello', 'Lu 03-02', 'Lu 10-02', '1', '20', 435, '', 'TS1CIRA Vaiarello/TS1CIRA 303 Vaiarello.pdf', 'O'),
('gatt', 'TP2', '205', 'Andreani', 'Lu 03-02', '', '1', 'Nnot', 436, '', '', 'N'),
('gatt', 'TP2', '205', 'Arcas', 'Lu 03-02', NULL, '1', NULL, 437, '', '', 'O'),
('gatt', 'TP2', '205', 'Auda', 'Lu 03-02', NULL, '1', NULL, 438, '', '', 'O'),
('gatt', 'TP2', '205', 'Colas', 'Lu 03-02', 'Lu 10-02', '0', '10', 439, '', 'TS1CIRA Colas/TS1CIRA 205 Colas.pdf', 'O'),
('gatt', 'TP2', '205', 'Crivello', 'Lu 03-02', NULL, '1', NULL, 440, '', '', 'O'),
('gatt', 'TP2', '205', 'Dethorey', 'Lu 03-02', NULL, '1', NULL, 441, '', '', 'O'),
('gatt', 'TP2', '205', 'Golleret', 'Lu 03-02', NULL, '1', NULL, 442, '', '', 'O'),
('gatt', 'TP2', '205', 'Krout', 'Lu 03-02', NULL, '1', NULL, 443, '', '', 'O'),
('gatt', 'TP2', '205', 'Raffellini', 'Lu 03-02', NULL, '1', NULL, 444, '', '', 'O'),
('gatt', 'TP2', '205', 'Rein', 'Lu 03-02', 'Lu 03-02', '1', '18', 445, '', 'TS1CIRA Rein/TS1CIRA 205 Rein.pdf', 'O'),
('gatt', 'TP2', '205', 'Roussel', 'Lu 03-02', 'Lu 10-02', '1', '18', 446, '', 'TS1CIRA Roussel/TS1CIRA 205 Roussel.pdf', 'O'),
('gatt', 'TP2', '205', 'Russo', 'Lu 03-02', NULL, '1', '0', 447, '', '', 'O'),
('gatt', 'TP2', '205', 'Santoni', 'Lu 03-02', 'Lu 10-02', '0', '8', 448, '', 'TS1CIRA Santoni/TS1CIRA 205 Santoni.pdf', 'O'),
('gatt', 'TP2', '205', 'Savelli', 'Lu 03-02', NULL, '1', NULL, 449, '', '', 'O'),
('gatt', 'TP2', '205', 'Semenadisse', 'Lu 03-02', NULL, '1', NULL, 450, '', '', 'O'),
('gatt', 'TP2', '205', 'Vaiarello', 'Lu 03-02', 'Lu 10-02', '1', '18', 451, '', 'TS1CIRA Vaiarello/TS1CIRA 205 Vaiarello.pdf', 'O'),
('gatt', 'TP2', '304', 'Andreani', 'Lu 10-02', '', '1', '0', 452, '', '', 'N'),
('gatt', 'TP2', '304', 'Arcas', 'Lu 10-02', 'Ve 28-03', '1', '15', 453, '', 'TS1CIRA Arcas/TS1CIRA 304 Arcas.pdf', 'O'),
('gatt', 'TP2', '304', 'Auda', 'Lu 10-02', 'Ve 28-03', '1', '5', 454, '', 'TS1CIRA Auda/TS1CIRA 304 Auda.pdf', 'O'),
('gatt', 'TP2', '304', 'Colas', 'Lu 10-02', NULL, '1', NULL, 455, '', '', 'O'),
('gatt', 'TP2', '304', 'Dethorey', 'Lu 10-02', 'Ve 28-03', '1', '0', 457, '', 'TS1CIRA Dethorey/TS1CIRA 304 Dethorey.pdf', 'O'),
('gatt', 'TP2', '304', 'Golleret', 'Lu 10-02', 'Lu 07-04', '1', '20', 458, '', 'TS1CIRA Golleret/TS1CIRA 304 Golleret.pdf', 'O'),
('gatt', 'TP2', '304', 'Krout', 'Lu 10-02', 'Me 05-03', '1', '0', 459, '', 'TS1CIRA Krout/TS1CIRA 304 Krout.pdf', 'O'),
('gatt', 'TP2', '304', 'Raffellini', 'Lu 10-02', 'Ve 28-03', '1', '20', 460, '', 'TS1CIRA Raffellini/TS1CIRA 304 Raffellini.pdf', 'O'),
('gatt', 'TP2', '304', 'Rein', 'Lu 10-02', 'Ve 28-03', '0', '15', 461, '', 'TS1CIRA Rein/TS1CIRA 304 Rein.pdf', 'O'),
('gatt', 'TP2', '304', 'Roussel', 'Lu 10-02', 'Ve 28-03', '1', '20', 462, '', 'TS1CIRA Roussel/TS1CIRA 304 Roussel.pdf', 'O'),
('gatt', 'TP2', '304', 'Santoni', 'Lu 10-02', 'Sa 15-03', '1', '20', 464, '', 'TS1CIRA Santoni/TS1CIRA 304 Santoni.pdf', 'O'),
('gatt', 'TP2', '304', 'Savelli', 'Lu 10-02', NULL, '1', NULL, 465, '', '', 'O'),
('gatt', 'TP2', '304', 'Semenadisse', 'Lu 10-02', NULL, '1', NULL, 466, '', '', 'O'),
('gatt', 'TP2', '304', 'Vaiarello', 'Lu 10-02', NULL, '1', NULL, 467, '', '', 'O'),
('gatt', 'TP2', '305', 'Andreani', 'Me 05-03', '', '1', '0', 468, '', '', 'N'),
('gatt', 'TP2', '305', 'Arcas', 'Me 05-03', NULL, '1', NULL, 469, '', '', 'O'),
('gatt', 'TP2', '305', 'Auda', 'Me 05-03', NULL, '1', '0', 470, '', '', 'O'),
('gatt', 'TP2', '305', 'Colas', 'Me 05-03', NULL, '1', NULL, 471, '', '', 'O'),
('gatt', 'TP2', '305', 'Crivello', 'Me 05-03', NULL, '1', NULL, 472, '', '', 'O'),
('gatt', 'TP2', '305', 'Dethorey', 'Me 05-03', 'Lu 24-03', '1', '10', 473, '', 'TS1CIRA Dethorey/TS1CIRA 305 Dethorey.pdf', 'O'),
('gatt', 'TP2', '305', 'Golleret', 'Me 05-03', NULL, '1', '0', 474, '', '', 'O'),
('gatt', 'TP2', '305', 'Krout', 'Me 05-03', 'Me 05-03', '1', '0', 475, '', 'TS1CIRA Krout/TS1CIRA 305 Krout.pdf', 'O'),
('gatt', 'TP2', '305', 'Raffellini', 'Me 05-03', 'Ve 28-03', '1', '20', 476, '', 'TS1CIRA Raffellini/TS1CIRA 305 Raffellini.pdf', 'O'),
('gatt', 'TP2', '305', 'Rein', 'Me 05-03', NULL, '1', NULL, 477, '', '', 'O'),
('gatt', 'TP2', '305', 'Roussel', 'Me 05-03', NULL, '1', NULL, 478, '', '', 'O'),
('gatt', 'TP2', '305', 'Russo', 'Me 05-03', NULL, '1', '0', 479, '', '', 'O'),
('gatt', 'TP2', '305', 'Santoni', 'Me 05-03', NULL, '1', NULL, 480, '', '', 'O'),
('gatt', 'TP2', '305', 'Savelli', 'Me 05-03', NULL, '1', NULL, 481, '', '', 'O'),
('gatt', 'TP2', '305', 'Semenadisse', 'Me 05-03', NULL, '1', NULL, 482, '', '', 'O'),
('gatt', 'TP2', '305', 'Vaiarello', 'Me 05-03', NULL, '1', NULL, 483, '', '', 'O'),
('gatt', 'TP2', '306', 'Andreani', 'Lu 10-03', '', '1', '0', 484, '', '', 'N'),
('gatt', 'TP2', '306', 'Russo', 'Lu 10-03', '', '1', '0', 485, '', '', 'O'),
('gatt', 'TP2', '306', 'Auda', 'Lu 10-03', NULL, '1', '0', 486, '', '', 'O'),
('gatt', 'TP2', '306', 'Colas', 'Lu 10-03', NULL, '1', NULL, 487, '', '', 'O'),
('gatt', 'TP2', '306', 'Crivello', 'Lu 10-03', NULL, '1', NULL, 488, '', '', 'O'),
('gatt', 'TP2', '306', 'Dethorey', 'Lu 10-03', NULL, '1', NULL, 489, '', '', 'O'),
('gatt', 'TP2', '306', 'Golleret', 'Lu 10-03', NULL, '1', '0', 490, '', '', 'O'),
('gatt', 'TP2', '306', 'Krout', 'Lu 10-03', 'Lu 10-03', '1', '9', 491, '', 'TS1CIRA Krout/TS1CIRA 306 Krout.pdf', 'O'),
('gatt', 'TP2', '306', 'Raffellini', 'Lu 10-03', NULL, '1', NULL, 492, '', '', 'O'),
('gatt', 'TP2', '306', 'Rein', 'Lu 10-03', NULL, '1', NULL, 493, '', '', 'O'),
('gatt', 'TP2', '306', 'Roussel', 'Lu 10-03', NULL, '1', NULL, 494, '', '', 'O'),
('gatt', 'TP2', '401', 'Andreani', 'Lu 24-03', '', '1', '0', 515, '', '', 'N'),
('gatt', 'TP2', '306', 'Santoni', 'Lu 10-03', NULL, '1', NULL, 496, '', '', 'O'),
('gatt', 'TP2', '306', 'Savelli', 'Lu 10-03', NULL, '1', NULL, 497, '', '', 'O'),
('gatt', 'TP2', '306', 'Semenadisse', 'Lu 10-03', NULL, '1', NULL, 498, '', '', 'O'),
('gatt', 'TP2', '306', 'Vaiarello', 'Lu 10-03', NULL, '1', NULL, 499, '', '', 'O'),
('gatt', 'Ecrit 2', 'DS4', 'Andreani', 'Lu 17-03', '', '1', 'Nnot', 500, 'Absent', '', 'N'),
('gatt', 'Ecrit 2', 'DS4', 'Arcas', 'Lu 17-03', NULL, '1', '11', 501, '', '', 'O'),
('gatt', 'Ecrit 2', 'DS4', 'Auda', 'Lu 17-03', NULL, '1', '4', 502, '', '', 'O'),
('gatt', 'Ecrit 2', 'DS4', 'Colas', 'Lu 17-03', NULL, '1', '19', 503, '', '', 'O'),
('gatt', 'Ecrit 2', 'DS4', 'Dethorey', 'Lu 17-03', NULL, '1', '17', 504, '', '', 'O'),
('gatt', 'Ecrit 2', 'DS4', 'Golleret', 'Lu 17-03', '', '1', 'Nnot', 505, 'Absent', '', 'O'),
('gatt', 'Ecrit 2', 'DS4', 'Krout', 'Lu 17-03', NULL, '1', '15', 506, '', '', 'O'),
('gatt', 'Ecrit 2', 'DS4', 'Raffellini', 'Lu 17-03', NULL, '1', '17', 507, '', '', 'O'),
('gatt', 'Ecrit 2', 'DS4', 'Rein', 'Lu 17-03', NULL, '1', '19', 508, '', '', 'O'),
('gatt', 'Ecrit 2', 'DS4', 'Roussel', 'Lu 17-03', NULL, '1', '19', 509, '', '', 'O'),
('gatt', 'Ecrit 2', 'DS4', 'Santoni', 'Lu 17-03', NULL, '1', '14', 511, '', '', 'O'),
('gatt', 'Ecrit 2', 'DS4', 'Savelli', 'Lu 17-03', '', '1', 'Nnot', 512, 'Absent', '', 'O'),
('gatt', 'Ecrit 2', 'DS4', 'Semenadisse', 'Lu 17-03', '', '1', 'Nnot', 513, 'Absent', '', 'O'),
('gatt', 'Ecrit 2', 'DS4', 'Vaiarello', 'Lu 17-03', NULL, '1', '17', 514, '', '', 'O'),
('gatt', 'TP2', '401', 'Arcas', 'Lu 24-03', 'Me 16-04', '1', '17', 516, '', 'TS1CIRA Arcas/TS1CIRA 401 Arcas.pdf', 'O'),
('gatt', 'TP2', '401', 'Auda', 'Lu 24-03', 'Ma 13-05', '1', '10', 517, '', 'TS1CIRA Auda/TS1CIRA 401 Auda.pdf', 'O'),
('gatt', 'TP2', '401', 'Colas', 'Lu 24-03', 'Me 16-04', '1', '18', 518, '', 'TS1CIRA Colas/TS1CIRA 401 Colas.pdf', 'O'),
('gatt', 'TP2', '401', 'Dethorey', 'Lu 24-03', 'Me 16-04', '1', '20', 520, '', 'TS1CIRA Dethorey/TS1CIRA 401 Dethorey.pdf', 'O'),
('gatt', 'TP2', '401', 'Golleret', 'Lu 24-03', 'Lu 14-04', '1', '0', 521, '', 'TS1CIRA Golleret/TS1CIRA 401 Golleret.pdf', 'O'),
('gatt', 'TP2', '401', 'Krout', 'Lu 24-03', 'Me 16-04', '1', '15', 522, '', 'TS1CIRA Krout/TS1CIRA 401 Krout.pdf', 'O'),
('gatt', 'TP2', '401', 'Raffellini', 'Lu 24-03', 'Me 16-04', '1', '20', 523, '', 'TS1CIRA Raffellini/TS1CIRA 401 Raffellini.pdf', 'O'),
('gatt', 'TP2', '401', 'Rein', 'Lu 24-03', 'Me 16-04', '1', '18', 524, '', 'TS1CIRA Rein/TS1CIRA 401 Rein.pdf', 'O'),
('gatt', 'TP2', '401', 'Roussel', 'Lu 24-03', 'Me 16-04', '1', '18', 525, '', 'TS1CIRA Roussel/TS1CIRA 401 Roussel.pdf', 'O'),
('gatt', 'TP2', '401', 'Santoni', 'Lu 24-03', 'Me 16-04', '1', '15', 526, '', 'TS1CIRA Santoni/TS1CIRA 401 Santoni.pdf', 'O'),
('gatt', 'TP2', '401', 'Savelli', 'Lu 24-03', 'Me 16-04', '1', '0', 527, '', 'TS1CIRA Savelli/TS1CIRA 401 Savelli.pdf', 'O'),
('gatt', 'TP2', '401', 'Semenadisse', 'Lu 24-03', 'Me 16-04', '1', '14', 528, '', 'TS1CIRA Semenadisse/TS1CIRA 401 Semenadisse.pdf', 'O'),
('gatt', 'TP2', '401', 'Vaiarello', 'Lu 24-03', 'Me 16-04', '1', '20', 529, '', 'TS1CIRA Vaiarello/TS1CIRA 401 Vaiarello.pdf', 'O'),
('gatt', 'TP2', '402', 'Andreani', 'Lu 07-04', '', '1', '0', 530, '', '', 'N'),
('gatt', 'TP2', '402', 'Arcas', 'Lu 07-04', 'Me 16-04', '1', '15', 531, '', 'TS1CIRA Arcas/TS1CIRA 402 Arcas.pdf', 'O'),
('gatt', 'TP2', '402', 'Auda', 'Lu 07-04', 'Ma 13-05', '1', '4', 532, '', 'TS1CIRA Auda/TS1CIRA 402 Auda.pdf', 'O'),
('gatt', 'TP2', '402', 'Colas', 'Lu 07-04', 'Me 16-04', '1', '20', 533, '', 'TS1CIRA Colas/TS1CIRA 402 Colas.pdf', 'O'),
('gatt', 'TP2', '402', 'Dethorey', 'Lu 07-04', 'Ma 13-05', '1', '13,5', 534, '', 'TS1CIRA Dethorey/TS1CIRA 402 Dethorey.pdf', 'O'),
('gatt', 'TP2', '402', 'Golleret', 'Lu 07-04', 'Me 16-04', '1', '20', 535, '', 'TS1CIRA Golleret/TS1CIRA 402 Golleret.pdf', 'O'),
('gatt', 'TP2', '402', 'Krout', 'Lu 07-04', 'Me 16-04', '1', '12', 536, '', 'TS1CIRA Krout/TS1CIRA 402 Krout.pdf', 'O'),
('gatt', 'TP2', '402', 'Raffellini', 'Lu 07-04', 'Me 16-04', '1', '20', 537, '', 'TS1CIRA Raffellini/TS1CIRA 402 Raffellini.pdf', 'O'),
('gatt', 'TP2', '402', 'Rein', 'Lu 07-04', 'Me 16-04', '1', '20', 538, '', 'TS1CIRA Rein/TS1CIRA 402 Rein.pdf', 'O'),
('gatt', 'TP2', '402', 'Roussel', 'Lu 07-04', 'Me 16-04', '1', '20', 539, '', 'TS1CIRA Roussel/TS1CIRA 402 Roussel.pdf', 'O'),
('gatt', 'TP2', '402', 'Santoni', 'Lu 07-04', 'Me 16-04', '1', '20', 540, '', 'TS1CIRA Santoni/TS1CIRA 402 Santoni.pdf', 'O'),
('gatt', 'TP2', '402', 'Savelli', 'Lu 07-04', NULL, '1', '0', 541, '', '', 'O'),
('gatt', 'TP2', '402', 'Semenadisse', 'Lu 07-04', 'Me 16-04', '1', '20', 542, '', 'TS1CIRA Semenadisse/TS1CIRA 402 Semenadisse.pdf', 'O'),
('gatt', 'TP2', '402', 'Vaiarello', 'Lu 07-04', 'Me 16-04', '1', '20', 543, '', 'TS1CIRA Vaiarello/TS1CIRA 402 Vaiarello.pdf', 'O');
INSERT INTO `evaluations` (`Prof`, `Matiere`, `Intitule`, `Participants`, `Fait`, `Rendu`, `Coef`, `Note`, `ID`, `RQ`, `URL`, `Mode`) VALUES
('gatt', 'TP2', 'TD2', 'Andreani', 'Lu 07-04', '', '1', 'Nnot', 544, '', '', 'N'),
('gatt', 'TP2', 'TD2', 'Arcas', 'Lu 07-04', NULL, '1', NULL, 545, '', '', 'O'),
('gatt', 'TP2', 'TD2', 'Auda', 'Lu 07-04', NULL, '1', NULL, 546, '', '', 'O'),
('gatt', 'TP2', 'TD2', 'Colas', 'Lu 07-04', NULL, '1', NULL, 547, '', '', 'O'),
('gatt', 'TP2', 'TD2', 'Dethorey', 'Lu 07-04', 'Lu 05-05', '1', '20', 548, '', 'TS1CIRA Dethorey/TS1CIRA TD2 Dethorey.pdf', 'O'),
('gatt', 'TP2', 'TD2', 'Golleret', 'Lu 07-04', NULL, '1', NULL, 549, '', '', 'O'),
('gatt', 'TP2', 'TD2', 'Krout', 'Lu 07-04', NULL, '1', NULL, 550, '', '', 'O'),
('gatt', 'TP2', 'TD2', 'Raffellini', 'Lu 07-04', 'Ma 06-05', '1', '20', 551, '', 'TS1CIRA Raffellini/TS1CIRA TD2 Raffellini.pdf', 'O'),
('gatt', 'TP2', 'TD2', 'Rein', 'Lu 07-04', 'Lu 07-04', '1', '20', 552, '', 'TS1CIRA Rein/TS1CIRA TD2 Rein.pdf', 'O'),
('gatt', 'TP2', 'TD2', 'Roussel', 'Lu 07-04', NULL, '1', NULL, 553, '', '', 'O'),
('gatt', 'TP2', 'TD2', 'Santoni', 'Lu 07-04', NULL, '1', NULL, 554, '', '', 'O'),
('gatt', 'TP2', 'TD2', 'Savelli', 'Lu 07-04', NULL, '1', NULL, 555, '', '', 'O'),
('gatt', 'TP2', 'TD2', 'Semenadisse', 'Lu 07-04', NULL, '1', NULL, 556, '', '', 'O'),
('gatt', 'TP2', 'TD2', 'Vaiarello', 'Lu 07-04', NULL, '1', NULL, 557, '', '', 'O'),
('gatt', 'TP2', '403', 'Andreani', 'Lu 14-04', '', '1', '0', 558, '', '', 'O'),
('gatt', 'TP2', '403', 'Arcas', 'Lu 14-04', 'Ma 13-05', '1', '20', 559, '', 'TS1CIRA Arcas/TS1CIRA 403 Arcas.pdf', 'O'),
('gatt', 'TP2', '403', 'Auda', 'Lu 14-04', NULL, '1', '0', 560, '', '', 'O'),
('gatt', 'TP2', '403', 'Colas', 'Lu 14-04', 'Ma 13-05', '1', '20', 561, '', 'TS1CIRA Colas/TS1CIRA 403 Colas.pdf', 'O'),
('gatt', 'TP2', '403', 'Dethorey', 'Lu 14-04', 'Ma 13-05', '1', '20', 562, '', 'TS1CIRA Dethorey/TS1CIRA 403 Dethorey.pdf', 'O'),
('gatt', 'TP2', '403', 'Golleret', 'Lu 14-04', 'Ma 13-05', '1', '0', 563, '', 'TS1CIRA Golleret/TS1CIRA 403 Golleret.pdf', 'O'),
('gatt', 'TP2', '403', 'Krout', 'Lu 14-04', 'Ma 13-05', '1', '15', 564, '', 'TS1CIRA Krout/TS1CIRA 403 Krout.pdf', 'O'),
('gatt', 'TP2', '403', 'Raffellini', 'Lu 14-04', 'Ma 13-05', '1', '20', 565, '', 'TS1CIRA Raffellini/TS1CIRA 403 Raffellini.pdf', 'O'),
('gatt', 'TP2', '403', 'Rein', 'Lu 14-04', 'Ma 13-05', '1', '20', 566, '', 'TS1CIRA Rein/TS1CIRA 403 Rein.pdf', 'O'),
('gatt', 'TP2', '403', 'Roussel', 'Lu 14-04', 'Ma 13-05', '1', '20', 567, '', 'TS1CIRA Roussel/TS1CIRA 403 Roussel.pdf', 'O'),
('gatt', 'TP2', '403', 'Santoni', 'Lu 14-04', 'Ma 13-05', '1', '20', 568, '', 'TS1CIRA Santoni/TS1CIRA 403 Santoni.pdf', 'O'),
('gatt', 'TP2', '403', 'Savelli', 'Lu 14-04', NULL, '1', '0', 569, '', '', 'O'),
('gatt', 'TP2', '403', 'Semenadisse', 'Lu 14-04', 'Ve 16-05', '1', '20', 570, '', 'TS1CIRA Semenadisse/TS1CIRA 403 Semenadisse.pdf', 'O'),
('gatt', 'TP2', '403', 'Vaiarello', 'Lu 14-04', 'Ma 13-05', '1', '20', 571, '', 'TS1CIRA Vaiarello/TS1CIRA 403 Vaiarello.pdf', 'O'),
('gatt', 'Ecrit 2', 'DS5', 'Andreani', 'Lu 14-04', '', '1', '0', 572, '', '', 'N'),
('gatt', 'Ecrit 2', 'DS5', 'Arcas', 'Lu 14-04', 'Lu 14-04', '1', '8,5', 573, '', 'TS1CIRA Arcas/TS1CIRA DS5 Arcas.pdf', 'O'),
('gatt', 'Ecrit 2', 'DS5', 'Auda', 'Lu 14-04', 'Lu 14-04', '1', '16', 574, '', 'TS1CIRA Auda/TS1CIRA DS5 Auda.pdf', 'O'),
('gatt', 'Ecrit 2', 'DS5', 'Colas', 'Lu 14-04', 'Lu 14-04', '1', '13', 575, '', 'TS1CIRA Colas/TS1CIRA DS5 Colas.pdf', 'O'),
('gatt', 'Ecrit 2', 'DS5', 'Dethorey', 'Lu 14-04', 'Lu 14-04', '1', '14', 576, '', 'TS1CIRA Dethorey/TS1CIRA DS5 Dethorey.pdf', 'O'),
('gatt', 'Ecrit 2', 'DS5', 'Golleret', 'Lu 14-04', 'Lu 14-04', '1', '7', 577, '', 'TS1CIRA Golleret/TS1CIRA DS5 Golleret.pdf', 'O'),
('gatt', 'Ecrit 2', 'DS5', 'Krout', 'Lu 14-04', 'Lu 14-04', '1', '2', 578, '', 'TS1CIRA Krout/TS1CIRA DS5 Krout.pdf', 'O'),
('gatt', 'Ecrit 2', 'DS5', 'Raffellini', 'Lu 14-04', 'Lu 14-04', '1', '20', 579, '', 'TS1CIRA Raffellini/TS1CIRA DS5 Raffellini.pdf', 'O'),
('gatt', 'Ecrit 2', 'DS5', 'Rein', 'Lu 14-04', 'Lu 14-04', '1', '16', 580, '', 'TS1CIRA Rein/TS1CIRA DS5 Rein.pdf', 'O'),
('gatt', 'Ecrit 2', 'DS5', 'Roussel', 'Lu 14-04', 'Lu 14-04', '1', '18', 581, '', 'TS1CIRA Roussel/TS1CIRA DS5 Roussel.pdf', 'O'),
('gatt', 'Ecrit 2', 'DS5', 'Santoni', 'Lu 14-04', 'Lu 14-04', '1', '13,5', 583, '', 'TS1CIRA Santoni/TS1CIRA DS5 Santoni.pdf', 'O'),
('gatt', 'Ecrit 2', 'DS5', 'Savelli', 'Lu 14-04', 'Lu 14-04', '1', '4', 584, '', 'TS1CIRA Savelli/TS1CIRA DS5 Savelli.pdf', 'O'),
('gatt', 'Ecrit 2', 'DS5', 'Semenadisse', 'Lu 14-04', 'Lu 14-04', '1', '18', 585, '', 'TS1CIRA Semenadisse/TS1CIRA DS5 Semenadisse.pdf', 'O'),
('gatt', 'Ecrit 2', 'DS5', 'Vaiarello', 'Lu 14-04', NULL, '1', 'Nnot', 586, '', '', 'O'),
('gatt', 'TP2', '404', 'Andreani', 'Lu 14-04', '', '1', '0', 587, '', '', 'N'),
('gatt', 'TP2', '404', 'Arcas', 'Lu 14-04', 'Ma 13-05', '1', '16', 588, '', 'TS1CIRA Arcas/TS1CIRA 404 Arcas.pdf', 'O'),
('gatt', 'TP2', '404', 'Auda', 'Lu 14-04', NULL, '1', '0', 589, '', '', 'O'),
('gatt', 'TP2', '404', 'Colas', 'Lu 14-04', 'Ma 13-05', '1', '20', 590, '', 'TS1CIRA Colas/TS1CIRA 404 Colas.pdf', 'O'),
('gatt', 'TP2', '404', 'Dethorey', 'Lu 14-04', NULL, '1', NULL, 591, '', '', 'O'),
('gatt', 'TP2', '404', 'Golleret', 'Lu 14-04', NULL, '1', '0', 592, '', '', 'O'),
('gatt', 'TP2', '404', 'Krout', 'Lu 14-04', NULL, '1', '0', 593, '', '', 'O'),
('gatt', 'TP2', '404', 'Raffellini', 'Lu 14-04', 'Ma 13-05', '1', '20', 594, '', 'TS1CIRA Raffellini/TS1CIRA 404 Raffellini.pdf', 'O'),
('gatt', 'TP2', '404', 'Rein', 'Lu 14-04', NULL, '1', NULL, 595, '', '', 'O'),
('gatt', 'TP2', '404', 'Roussel', 'Lu 14-04', 'Ma 13-05', '0', '0', 596, '', 'TS1CIRA Roussel/TS1CIRA 404 Roussel.pdf', 'O'),
('gatt', 'TP2', '404', 'Santoni', 'Lu 14-04', 'Ma 13-05', '1', '20', 597, '', 'TS1CIRA Santoni/TS1CIRA 404 Santoni.pdf', 'O'),
('gatt', 'TP2', '404', 'Savelli', 'Lu 14-04', NULL, '1', '0', 598, '', '', 'O'),
('gatt', 'TP2', '404', 'Semenadisse', 'Lu 14-04', 'Ma 13-05', '1', '20', 599, '', 'TS1CIRA Semenadisse/TS1CIRA 404 Semenadisse.pdf', 'O'),
('gatt', 'TP2', '404', 'Vaiarello', 'Lu 14-04', 'Ma 13-05', '1', '16', 600, '', 'TS1CIRA Vaiarello/TS1CIRA 404 Vaiarello.pdf', 'O'),
('gatt', 'TP2', '405', 'Andreani', 'Lu 05-05', '', '1', 'Nnot', 601, '', '', 'N'),
('gatt', 'TP2', '405', 'Arcas', 'Lu 05-05', 'Ma 13-05', '1', '20', 602, '', 'TS1CIRA Arcas/TS1CIRA 405 Arcas.pdf', 'O'),
('gatt', 'TP2', '405', 'Auda', 'Lu 05-05', NULL, '1', NULL, 603, '', '', 'O'),
('gatt', 'TP2', '405', 'Colas', 'Lu 05-05', 'Ma 13-05', '1', '20', 604, '', 'TS1CIRA Colas/TS1CIRA 405 Colas.pdf', 'O'),
('gatt', 'TP2', '405', 'Dethorey', 'Lu 05-05', NULL, '1', NULL, 605, '', '', 'O'),
('gatt', 'TP2', '405', 'Golleret', 'Lu 05-05', NULL, '1', '0', 606, '', '', 'O'),
('gatt', 'TP2', '405', 'Krout', 'Lu 05-05', NULL, '1', NULL, 607, '', '', 'O'),
('gatt', 'TP2', '405', 'Raffellini', 'Lu 05-05', NULL, '1', NULL, 608, '', '', 'O'),
('gatt', 'TP2', '405', 'Rein', 'Lu 05-05', NULL, '1', NULL, 609, '', '', 'O'),
('gatt', 'TP2', '405', 'Roussel', 'Lu 05-05', NULL, '1', NULL, 610, '', '', 'O'),
('gatt', 'TP2', '405', 'Santoni', 'Lu 05-05', 'Ma 13-05', '1', '20', 611, '', 'TS1CIRA Santoni/TS1CIRA 405 Santoni.pdf', 'O'),
('gatt', 'TP2', '405', 'Savelli', 'Lu 05-05', NULL, '1', '0', 612, '', '', 'O'),
('gatt', 'TP2', '405', 'Semenadisse', 'Lu 05-05', 'Ma 13-05', '1', '20', 613, '', 'TS1CIRA Semenadisse/TS1CIRA 405 Semenadisse.pdf', 'O'),
('gatt', 'TP2', '405', 'Vaiarello', 'Lu 05-05', NULL, '1', NULL, 614, '', '', 'O'),
('gatt', 'TP2', '406', 'Andreani', 'Lu 05-05', '', '1', 'Nnot', 615, '', '', 'N'),
('gatt', 'TP2', '406', 'Arcas', 'Lu 05-05', NULL, '1', 'Nnot', 616, '', '', 'O'),
('gatt', 'TP2', '406', 'Auda', 'Lu 05-05', NULL, '1', NULL, 617, '', '', 'O'),
('gatt', 'TP2', '406', 'Colas', 'Lu 05-05', 'Ma 13-05', '1', '12', 618, '', 'TS1CIRA Colas/TS1CIRA 406 Colas.pdf', 'O'),
('gatt', 'TP2', '406', 'Dethorey', 'Lu 05-05', NULL, '1', NULL, 619, '', '', 'O'),
('gatt', 'TP2', '406', 'Golleret', 'Lu 05-05', NULL, '1', '0', 620, '', '', 'O'),
('gatt', 'TP2', '406', 'Krout', 'Lu 05-05', NULL, '1', NULL, 621, '', '', 'O'),
('gatt', 'TP2', '406', 'Raffellini', 'Lu 05-05', NULL, '1', NULL, 622, '', '', 'O'),
('gatt', 'TP2', '406', 'Rein', 'Lu 05-05', 'Ma 13-05', '0', '2', 623, '', 'TS1CIRA Rein/TS1CIRA 406 Rein.pdf', 'O'),
('gatt', 'TP2', '406', 'Roussel', 'Lu 05-05', 'Ma 13-05', '0', '2', 624, '', 'TS1CIRA Roussel/TS1CIRA 406 Roussel.pdf', 'O'),
('gatt', 'TP2', '406', 'Santoni', 'Lu 05-05', 'Ma 13-05', '0', '12', 625, '', 'TS1CIRA Santoni/TS1CIRA 406 Santoni.pdf', 'O'),
('gatt', 'TP2', '406', 'Savelli', 'Lu 05-05', NULL, '1', '0', 626, '', '', 'O'),
('gatt', 'TP2', '406', 'Semenadisse', 'Lu 05-05', 'Ma 13-05', '1', '12', 627, '', 'TS1CIRA Semenadisse/TS1CIRA 406 Semenadisse.pdf', 'O'),
('gatt', 'TP2', '406', 'Vaiarello', 'Lu 05-05', NULL, '1', NULL, 628, '', '', 'O'),
('gatt', 'TP2', '407', 'Andreani', 'Lu 05-05', '', '1', 'Nnot', 629, '', '', 'O'),
('gatt', 'TP2', '407', 'Arcas', 'Lu 05-05', 'Je 15-05', '1', '20', 630, '', 'TS1CIRA Arcas/TS1CIRA 407 Arcas.pdf', 'O'),
('gatt', 'TP2', '407', 'Auda', 'Lu 05-05', NULL, '1', NULL, 631, '', '', 'O'),
('gatt', 'TP2', '407', 'Colas', 'Lu 05-05', 'Me 14-05', '1', '20', 632, '', 'TS1CIRA Colas/TS1CIRA 407 Colas.pdf', 'O'),
('gatt', 'TP2', '407', 'Dethorey', 'Lu 05-05', NULL, '1', NULL, 633, '', '', 'O'),
('gatt', 'TP2', '407', 'Golleret', 'Lu 05-05', NULL, '1', NULL, 634, '', '', 'O'),
('gatt', 'TP2', '407', 'Krout', 'Lu 05-05', NULL, '1', NULL, 635, '', '', 'O'),
('gatt', 'TP2', '407', 'Raffellini', 'Lu 05-05', NULL, '1', NULL, 636, '', '', 'O'),
('gatt', 'TP2', '407', 'Rein', 'Lu 05-05', 'Me 14-05', '1', '20', 637, '', 'TS1CIRA Rein/TS1CIRA 407 Rein.pdf', 'O'),
('gatt', 'TP2', '407', 'Roussel', 'Lu 05-05', NULL, '1', NULL, 638, '', '', 'O'),
('gatt', 'TP2', '407', 'Santoni', 'Lu 05-05', 'Je 15-05', '1', '20', 639, '', 'TS1CIRA Santoni/TS1CIRA 407 Santoni.pdf', 'O'),
('gatt', 'TP2', '407', 'Savelli', 'Lu 05-05', NULL, '1', NULL, 640, '', '', 'O'),
('gatt', 'TP2', '407', 'Semenadisse', 'Lu 05-05', 'Me 14-05', '1', '20', 641, '', 'TS1CIRA Semenadisse/TS1CIRA 407 Semenadisse.pdf', 'O'),
('gatt', 'TP2', '407', 'Vaiarello', 'Lu 05-05', NULL, '1', NULL, 642, '', '', 'O');

-- --------------------------------------------------------

--
-- Structure de la table `exercices`
--

CREATE TABLE `exercices` (
  `Auteur` varchar(20) DEFAULT '',
  `contenu` varchar(1000) DEFAULT NULL,
  `correction` varchar(100) NOT NULL DEFAULT 'A corriger',
  `ID` int(20) NOT NULL,
  `PID` int(1) unsigned NOT NULL AUTO_INCREMENT,
  PRIMARY KEY (`PID`)
) ENGINE=MyISAM DEFAULT CHARSET=latin1 AUTO_INCREMENT=1 ;

-- --------------------------------------------------------

--
-- Structure de la table `matieres`
--

CREATE TABLE `matieres` (
  `Nom` varchar(20) DEFAULT NULL,
  `Prof` varchar(20) DEFAULT NULL,
  `Coef` char(3) DEFAULT NULL,
  `periode` int(11) NOT NULL
) ENGINE=MyISAM DEFAULT CHARSET=latin1;

--
-- Contenu de la table `matieres`
--

INSERT INTO `matieres` (`Nom`, `Prof`, `Coef`, `periode`) VALUES
('Oral 1', 'gatt', '1', 1),
('TP1', 'gatt', '2', 1),
('Ecrit 1', 'gatt', '2', 1),
('Ecrit 2', 'gatt', '2', 2),
('TP2', 'gatt', '2', 2),
('Oral 2', 'gatt', '1', 2);

-- --------------------------------------------------------

--
-- Structure de la table `Modifs`
--

CREATE TABLE `Modifs` (
  `Rendu` text NOT NULL,
  `ID` int(11) NOT NULL,
  `Note` text NOT NULL,
  `Raison` varchar(20) NOT NULL,
  KEY `ID` (`ID`)
) ENGINE=MyISAM DEFAULT CHARSET=latin1;

--
-- Contenu de la table `Modifs`
--

INSERT INTO `Modifs` (`Rendu`, `ID`, `Note`, `Raison`) VALUES
('Lu 09-09', 9, '11', ''),
('Lu 09-09', 7, '11', ''),
('Lu 09-09', 1, '11', ''),
('Me 11-09', 2, 'Nnot', ''),
('Me 11-09', 3, 'Nnot', ''),
('Me 11-09', 38, 'Nnot', ''),
('Me 11-09', 4, 'Nnot', ''),
('Me 11-09', 39, 'Nnot', ''),
('Me 11-09', 0, 'Nnot', ''),
('Me 11-09', 8, 'Nnot', ''),
('Me 11-09', 10, 'Nnot', ''),
('Me 11-09', 11, 'Nnot', ''),
('Me 11-09', 12, 'Nnot', ''),
('Me 11-09', 13, 'Nnot', ''),
('Me 11-09', 14, 'Nnot', ''),
('Me 11-09', 15, 'Nnot', ''),
('Me 11-09', 16, 'Nnot', ''),
('Me 11-09', 17, 'Nnot', ''),
('Me 11-09', 18, 'Nnot', ''),
('Lu 16-09', 38, '9', ''),
('Lu 16-09', 18, '9', ''),
('Lu 16-09', 8, '9', ''),
('Lu 16-09', 7, '12', ''),
('Lu 16-09', 17, '11', ''),
('Lu 16-09', 9, '12', ''),
('Lu 16-09', 10, '9', ''),
('Lu 16-09', 12, '11', ''),
('Lu 16-09', 14, '11', ''),
('Lu 16-09', 18, '10', ''),
('Lu 16-09', 38, '7', ''),
('Lu 16-09', 38, '8', ''),
('Lu 16-09', 10, '11', ''),
('Lu 16-09', 14, '11.5', ''),
('Lu 16-09', 9, '13', ''),
('Lu 16-09', 16, '11', ''),
('Lu 16-09', 13, '11', ''),
('Lu 16-09', 12, '12', ''),
('Lu 16-09', 7, '13', ''),
('Lu 16-09', 18, '11', ''),
('Lu 23-09', 39, '8', 'Cahier'),
('Lu 23-09', 0, '9', 'Retard'),
('Lu 23-09', 18, '12', 'Tableau'),
('Lu 23-09', 0, '7', 'Cahier'),
('Lu 23-09', 12, '13', 'Tableau'),
('Lu 23-09', 17, '12', 'Tableau'),
('Lu 23-09', 7, '13.5', 'Tableau'),
('Lu 23-09', 0, '8', 'Tableau'),
('Lu 23-09', 7, '14', 'Tableau'),
('Lu 23-09', 14, '12.5', 'Tableau'),
('Lu 30-09', 2, '9', 'Retard'),
('Lu 30-09', 0, '9', 'Tableau'),
('Lu 30-09', 14, '11.5', 'Retard'),
('Lu 30-09', 12, '14', 'Tableau'),
('Lu 30-09', 10, '10', 'Retard'),
('Lu 30-09', 0, '10', 'Tableau'),
('Lu 30-09', 40, 'Nnot', 'Correction'),
('Lu 30-09', 11, '11', 'Tableau'),
('Me 02-10', 41, '11', 'Correction'),
('Me 02-10', 42, '12', 'Correction'),
('Me 02-10', 43, '12', 'Correction'),
('Me 02-10', 44, '10', 'Correction'),
('Me 02-10', 45, '20', 'Correction'),
('Me 02-10', 46, '12', 'Correction'),
('Me 02-10', 47, '18', 'Correction'),
('Me 02-10', 48, '12', 'Correction'),
('Me 02-10', 49, '14', 'Correction'),
('Me 02-10', 50, '17', 'Correction'),
('Me 02-10', 51, '12', 'Correction'),
('Me 02-10', 52, '11', 'Correction'),
('Me 02-10', 53, '12', 'Correction'),
('Me 02-10', 54, '9', 'Correction'),
('Me 02-10', 55, '11', 'Correction'),
('Me 02-10', 56, '10', 'Correction'),
('Me 02-10', 45, '0', 'Correction'),
('Me 02-10', 41, '10', 'Correction'),
('Lu 07-10', 2, '8', 'Retard'),
('Lu 07-10', 38, '7', 'Retard'),
('Lu 07-10', 10, '9', 'Retard'),
('Me 09-10', 74, '6', 'Correction'),
('Me 09-10', 80, '0', 'Correction'),
('Me 09-10', 76, '1', 'Correction'),
('Me 09-10', 90, '2', 'Correction'),
('Me 09-10', 82, '3', 'Correction'),
('Me 09-10', 87, '0,5', 'Correction'),
('Me 09-10', 88, '0,5', 'Correction'),
('Me 09-10', 89, '4,5', 'Correction'),
('Me 09-10', 85, '18', 'Correction'),
('Me 09-10', 77, '1', 'Correction'),
('Me 09-10', 75, '2', 'Correction'),
('Me 09-10', 86, '9,5', 'Correction'),
('Me 09-10', 79, '5', 'Correction'),
('Me 09-10', 83, '6', 'Correction'),
('Me 09-10', 81, '1', 'Correction'),
('Me 09-10', 79, '7,5', 'Correction'),
('Je 10-10', 84, '3', 'Correction'),
('Je 10-10', 78, '2,5', 'Correction'),
('Je 10-10', 57, '15', 'Correction'),
('Je 10-10', 58, '9', 'Correction'),
('Je 10-10', 59, '6', 'Correction'),
('Je 10-10', 60, '12', 'Correction'),
('Je 10-10', 62, '20', 'Correction'),
('Je 10-10', 63, '10', 'Correction'),
('Je 10-10', 64, '10', 'Correction'),
('Je 10-10', 66, '20', 'Correction'),
('Je 10-10', 68, '20', 'Correction'),
('Je 10-10', 69, '20', 'Correction'),
('Je 10-10', 71, '4', 'Correction'),
('Je 10-10', 72, '11', 'Correction'),
('Lu 14-10', 14, '10.5', 'Retard'),
('Lu 14-10', 14, '11', 'Tableau'),
('Lu 14-10', 7, '14.5', 'Tableau'),
('Lu 14-10', 12, '14.5', 'Tableau'),
('Lu 14-10', 10, '9.5', 'Tableau'),
('Lu 14-10', 79, '8,5', 'Correction'),
('Je 17-10', 92, '16', 'Correction'),
('Je 17-10', 94, '16', 'Correction'),
('Je 17-10', 96, '19', 'Correction'),
('Je 17-10', 98, '12', 'Correction'),
('Je 17-10', 99, '20', 'Correction'),
('Je 17-10', 100, '20', 'Correction'),
('Je 17-10', 101, '20', 'Correction'),
('Je 17-10', 102, '20', 'Correction'),
('Je 17-10', 103, '20', 'Correction'),
('Je 17-10', 105, '19', 'Correction'),
('Je 17-10', 106, '19', 'Correction'),
('Je 17-10', 107, '13', 'Correction'),
('Lu 04-11', 12, '15', 'Tableau'),
('Lu 04-11', 2, '7', 'Retard'),
('Lu 04-11', 17, '11', 'Retard'),
('Lu 04-11', 2, '7.5', 'Tableau'),
('Lu 04-11', 14, '10', 'Retard'),
('Lu 04-11', 7, '15', 'Tableau'),
('Lu 04-11', 13, '11.5', 'Tableau'),
('Lu 04-11', 14, '11', 'Tableau'),
('Lu 04-11', 9, '14', 'Tableau'),
('Lu 04-11', 10, '10.5', 'Tableau'),
('Lu 04-11', 12, '16', 'Tableau'),
('Lu 04-11', 7, '16', 'Tableau'),
('Lu 04-11', 2, '8.5', 'Tableau'),
('Lu 04-11', 18, '13', 'Tableau'),
('Me 06-11', 154, '19', 'Correction'),
('Me 06-11', 157, '15', 'Correction'),
('Me 06-11', 142, '7.5', 'Correction'),
('Me 06-11', 152, '5', 'Correction'),
('Me 06-11', 153, '16.5', 'Correction'),
('Me 06-11', 147, '11', 'Correction'),
('Me 06-11', 151, '17', 'Correction'),
('Me 06-11', 148, '8', 'Correction'),
('Me 06-11', 145, '11', 'Correction'),
('Me 06-11', 156, '5', 'Correction'),
('Me 06-11', 143, '10', 'Correction'),
('Me 06-11', 155, '19', 'Correction'),
('Ve 08-11', 149, '0', 'Correction'),
('Lu 18-11', 18, '14', 'Tableau'),
('Lu 18-11', 12, '17', 'Tableau'),
('Lu 18-11', 13, '12.5', 'Tableau'),
('Lu 18-11', 3, '8', 'Cahier'),
('Lu 18-11', 7, '17', 'Tableau'),
('Lu 18-11', 145, '13', 'Correction'),
('Lu 18-11', 38, '6', 'Retard'),
('Lu 18-11', 0, '9', 'Retard'),
('Lu 18-11', 8, '8', 'Retard'),
('Lu 18-11', 14, '10', 'Retard'),
('Me 20-11', 108, '14', 'Correction'),
('Me 20-11', 109, '13,5', 'Correction'),
('Me 20-11', 111, '10', 'Correction'),
('Me 20-11', 113, '14', 'Correction'),
('Me 20-11', 114, '8,5', 'Correction'),
('Me 20-11', 115, '10', 'Correction'),
('Me 20-11', 117, '14', 'Correction'),
('Me 20-11', 118, '9', 'Correction'),
('Me 20-11', 119, '20', 'Correction'),
('Me 20-11', 120, '9', 'Correction'),
('Me 20-11', 121, '16', 'Correction'),
('Me 20-11', 122, '15', 'Correction'),
('Me 20-11', 123, '15', 'Correction'),
('Me 20-11', 124, '13', 'Correction'),
('Lu 25-11', 7, '16', 'Retard'),
('Lu 25-11', 7, '17', 'Tableau'),
('Lu 25-11', 12, '17.5', 'Tableau'),
('Lu 25-11', 9, '15', 'Tableau'),
('Lu 25-11', 7, '17.5', 'Tableau'),
('Lu 25-11', 7, '18', 'Tableau'),
('Lu 25-11', 2, '7.5', 'Retard'),
('Lu 25-11', 2, '8.5', 'Tableau'),
('Lu 25-11', 18, '14.5', 'Tableau'),
('Lu 25-11', 0, '7', 'Cahier'),
('Lu 25-11', 0, '6', 'Retard'),
('Lu 25-11', 16, '12', 'Tableau'),
('Lu 25-11', 15, '11', 'Tableau'),
('Lu 25-11', 18, '15', 'Tableau'),
('Lu 25-11', 9, '15.5', 'Tableau'),
('Lu 25-11', 0, '6', 'Correction'),
('Lu 25-11', 38, '5', 'Retard'),
('Lu 02-12', 0, '5', 'Retard'),
('Lu 02-12', 2, '9.5', 'Tableau'),
('Lu 02-12', 15, '12', 'Tableau'),
('Lu 02-12', 3, '9', 'Tableau'),
('Lu 02-12', 14, '11', 'Tableau'),
('Lu 02-12', 13, '13.5', 'Tableau'),
('Lu 02-12', 7, '19', 'Tableau'),
('Lu 02-12', 12, '18.5', 'Tableau'),
('Me 04-12', 125, '20', 'Correction'),
('Me 04-12', 125, '15', 'Correction'),
('Me 04-12', 128, '10', 'Correction'),
('Me 04-12', 126, '20', 'Correction'),
('Me 04-12', 129, '20', 'Correction'),
('Me 04-12', 131, '20', 'Correction'),
('Me 04-12', 132, '15', 'Correction'),
('Me 04-12', 134, '20', 'Correction'),
('Me 04-12', 135, '18', 'Correction'),
('Me 04-12', 136, '20', 'Correction'),
('Me 04-12', 137, '14', 'Correction'),
('Me 04-12', 138, '20', 'Correction'),
('Me 04-12', 139, '20', 'Correction'),
('Me 04-12', 140, '20', 'Correction'),
('Me 04-12', 141, '20', 'Correction'),
('Je 05-12', 130, '20', 'Correction'),
('Lu 09-12', 2, '8.5', 'Retard'),
('Lu 09-12', 14, '10', 'Retard'),
('Lu 09-12', 12, '19', 'Tableau'),
('Lu 09-12', 17, '11.5', 'Tableau'),
('Lu 09-12', 14, '11', 'Tableau'),
('Lu 09-12', 0, '4', 'Retard'),
('Lu 09-12', 7, '19.5', 'Tableau'),
('Lu 09-12', 15, '13', 'Tableau'),
('Lu 09-12', 15, '14', 'Tableau'),
('Lu 09-12', 217, 'Nnot', 'Correction'),
('Lu 09-12', 219, '20', 'Correction'),
('Lu 09-12', 215, '18', 'Correction'),
('Lu 09-12', 220, '20', 'Correction'),
('Lu 09-12', 211, '2', 'Correction'),
('Lu 09-12', 218, '13', 'Correction'),
('Lu 09-12', 218, '12', 'Correction'),
('Lu 09-12', 213, '1,5', 'Correction'),
('Lu 09-12', 223, '0', 'Correction'),
('Lu 09-12', 224, '2,5', 'Correction'),
('Lu 09-12', 222, '14', 'Correction'),
('Lu 09-12', 221, '8,5', 'Correction'),
('Lu 09-12', 225, '9,5', 'Correction'),
('Lu 09-12', 212, '9,5', 'Correction'),
('Lu 09-12', 210, '0', 'Correction'),
('Lu 09-12', 216, '1,5', 'Correction'),
('Lu 09-12', 214, '18', 'Correction'),
('Lu 16-12', 13, '14.5', 'Tableau'),
('Lu 16-12', 17, '12.5', 'Tableau'),
('Lu 16-12', 12, '19.5', 'Tableau'),
('Lu 16-12', 9, '16', 'Tableau'),
('Lu 16-12', 17, '13', 'Tableau'),
('Lu 16-12', 38, '4', 'Retard'),
('Lu 16-12', 7, '18.5', 'Retard'),
('Lu 16-12', 8, '7', 'Retard'),
('Lu 16-12', 14, '10', 'Retard'),
('Lu 16-12', 7, '19', 'Tableau'),
('Lu 16-12', 11, '12', 'Tableau'),
('Lu 16-12', 7, '19.5', 'Tableau'),
('Lu 16-12', 18, '15.5', 'Tableau'),
('Lu 06-01', 18, '16.5', 'Tableau'),
('Lu 06-01', 7, '20.5', 'Tableau'),
('Lu 06-01', 14, '11', 'Tableau'),
('Lu 06-01', 12, '20.5', 'Tableau'),
('Lu 06-01', 9, '17', 'Tableau'),
('Lu 06-01', 7, '21', 'Tableau'),
('Lu 06-01', 12, '21', 'Tableau'),
('Lu 06-01', 38, '3', 'Retard'),
('Lu 06-01', 8, '6', 'Retard'),
('Lu 06-01', 9, '16', 'Retard'),
('Lu 06-01', 14, '10', 'Retard'),
('Lu 06-01', 18, '15.5', 'Retard'),
('Lu 06-01', 9, '16.5', 'Tableau'),
('Lu 13-01', 2, '7.5', 'Retard'),
('Lu 13-01', 18, '16.5', 'Tableau'),
('Lu 13-01', 9, '15.5', 'Retard'),
('Lu 13-01', 14, '9', 'Retard'),
('Lu 13-01', 17, '14', 'Tableau'),
('Lu 13-01', 3, '10', 'Tableau'),
('Lu 13-01', 11, '13', 'Tableau'),
('Lu 13-01', 7, '21.5', 'Tableau'),
('Lu 13-01', 38, '2', 'Retard'),
('Lu 13-01', 8, '5', 'Retard'),
('Lu 13-01', 0, '5', 'Tableau'),
('Lu 13-01', 2, '8.5', 'Tableau'),
('Lu 13-01', 12, '21.5', 'Tableau'),
('Lu 13-01', 2, '9.5', 'Tableau'),
('Me 15-01', 160, '20', 'Correction'),
('Me 15-01', 161, '14', 'Correction'),
('Me 15-01', 162, '20', 'Correction'),
('Me 15-01', 163, '20', 'Correction'),
('Me 15-01', 164, '20', 'Correction'),
('Me 15-01', 165, '20', 'Correction'),
('Me 15-01', 166, '12', 'Correction'),
('Me 15-01', 168, '20', 'Correction'),
('Me 15-01', 169, '20', 'Correction'),
('Me 15-01', 170, '20', 'Correction'),
('Me 15-01', 171, '20', 'Correction'),
('Me 15-01', 172, '20', 'Correction'),
('Me 15-01', 173, '20', 'Correction'),
('Me 15-01', 174, '20', 'Correction'),
('Me 15-01', 175, '20', 'Correction'),
('Me 15-01', 159, '20', 'Correction'),
('Me 15-01', 177, '0', 'Correction'),
('Me 15-01', 181, '0', 'Correction'),
('Me 15-01', 182, '0', 'Correction'),
('Me 15-01', 183, '0', 'Correction'),
('Me 15-01', 186, '0', 'Correction'),
('Me 15-01', 187, '20', 'Correction'),
('Me 15-01', 188, '0', 'Correction'),
('Me 15-01', 189, '7', 'Correction'),
('Me 15-01', 191, '0', 'Correction'),
('Me 15-01', 195, '20', 'Correction'),
('Me 15-01', 194, '6', 'Correction'),
('Me 15-01', 196, '6', 'Correction'),
('Me 15-01', 197, '6', 'Correction'),
('Me 15-01', 198, '18', 'Correction'),
('Me 15-01', 199, '6', 'Correction'),
('Me 15-01', 203, '18', 'Correction'),
('Me 15-01', 204, '16', 'Correction'),
('Me 15-01', 205, '18', 'Correction'),
('Me 15-01', 206, '6', 'Correction'),
('Me 15-01', 207, '6', 'Correction'),
('Me 15-01', 208, '6', 'Correction'),
('Me 15-01', 236, '10', 'Correction'),
('Me 15-01', 244, '12', 'Correction'),
('Me 15-01', 245, '12', 'Correction'),
('Me 15-01', 246, '6', 'Correction'),
('Me 15-01', 247, '14', 'Correction'),
('Me 15-01', 252, '20', 'Correction'),
('Me 15-01', 253, '4', 'Correction'),
('Me 15-01', 254, '12', 'Correction'),
('Me 15-01', 255, '14', 'Correction'),
('Me 15-01', 256, '12', 'Correction'),
('Me 15-01', 257, '14', 'Correction'),
('Me 15-01', 258, '12', 'Correction'),
('Me 15-01', 259, '14', 'Correction'),
('Me 15-01', 40, '0', 'Correction'),
('Me 15-01', 91, '0', 'Correction'),
('Me 15-01', 193, '0', 'Correction'),
('Me 15-01', 93, '0', 'Correction'),
('Me 15-01', 110, '0', 'Correction'),
('Me 15-01', 61, '0', 'Correction'),
('Me 15-01', 95, '0', 'Correction'),
('Me 15-01', 73, '0', 'Correction'),
('Lu 20-01', 296, '9', 'Retard'),
('Lu 20-01', 303, '9', 'Retard'),
('Me 22-01', 319, '2,5', 'Correction'),
('Me 22-01', 320, '5', 'Correction'),
('Me 22-01', 314, '3', 'Correction'),
('Me 22-01', 309, '2,5', 'Correction'),
('Me 22-01', 316, '13,5', 'Correction'),
('Me 22-01', 322, '6,5', 'Correction'),
('Me 22-01', 323, '10,5', 'Correction'),
('Me 22-01', 312, '0', 'Correction'),
('Me 22-01', 321, '0,5', 'Correction'),
('Me 22-01', 311, '5', 'Correction'),
('Me 22-01', 318, '16', 'Correction'),
('Me 22-01', 317, '14', 'Correction'),
('Me 22-01', 313, '6,5', 'Correction'),
('Me 22-01', 315, '4,5', 'Correction'),
('Sa 25-01', 349, '20', 'Correction'),
('Sa 25-01', 350, '20', 'Correction'),
('Sa 25-01', 351, '20', 'Correction'),
('Lu 27-01', 297, '11', 'Tableau'),
('Lu 27-01', 303, '10', 'Tableau'),
('Lu 27-01', 301, '11', 'Tableau'),
('Lu 27-01', 276, '11', 'Tableau'),
('Lu 27-01', 276, 'Nnot', 'Correction'),
('Lu 27-01', 292, '11', 'Tableau'),
('Lu 27-01', 303, '9', 'Retard'),
('Lu 03-02', 295, '11', 'Tableau'),
('Lu 03-02', 303, '8', 'Retard'),
('Lu 03-02', 303, '9', 'Tableau'),
('Lu 03-02', 293, '11', 'Tableau'),
('Lu 03-02', 300, '11', 'Tableau'),
('Je 06-02', 279, '10', 'Correction'),
('Je 06-02', 291, '19,5', 'Correction'),
('Je 06-02', 289, '11,5', 'Correction'),
('Je 06-02', 288, '10', 'Correction'),
('Je 06-02', 287, '15,5', 'Correction'),
('Je 06-02', 286, '18', 'Correction'),
('Je 06-02', 285, '18', 'Correction'),
('Je 06-02', 284, '20', 'Correction'),
('Je 06-02', 281, '11,5', 'Correction'),
('Je 06-02', 291, '13,5', 'Correction'),
('Lu 10-02', 301, '12', 'Tableau'),
('Lu 10-02', 297, '12', 'Tableau'),
('Lu 10-02', 294, '9', 'Retard'),
('Lu 10-02', 292, '10', 'Retard'),
('Lu 10-02', 307, '9', 'Retard'),
('Lu 10-02', 300, '12', 'Tableau'),
('Me 12-02', 371, '9', 'Correction'),
('Me 12-02', 365, '15', 'Correction'),
('Me 12-02', 366, '15', 'Correction'),
('Me 12-02', 367, '7', 'Correction'),
('Me 12-02', 367, '17', 'Correction'),
('Me 12-02', 387, '0', 'Correction'),
('Me 12-02', 381, '10', 'Correction'),
('Me 12-02', 382, '12', 'Correction'),
('Me 12-02', 383, '2', 'Correction'),
('Me 12-02', 451, '18', 'Correction'),
('Me 12-02', 439, '10', 'Correction'),
('Me 12-02', 445, '18', 'Correction'),
('Me 12-02', 446, '18', 'Correction'),
('Me 12-02', 448, '8', 'Correction'),
('Me 12-02', 390, '16', 'Correction'),
('Me 12-02', 400, '20', 'Correction'),
('Me 12-02', 388, '18', 'Correction'),
('Me 12-02', 397, '19', 'Correction'),
('Me 12-02', 395, '19', 'Correction'),
('Me 12-02', 391, '20', 'Correction'),
('Me 12-02', 389, '19', 'Correction'),
('Me 12-02', 401, '19', 'Correction'),
('Me 12-02', 402, '19', 'Correction'),
('Me 12-02', 398, '19', 'Correction'),
('Me 12-02', 403, '16', 'Correction'),
('Me 12-02', 396, '19', 'Correction'),
('Me 12-02', 399, '18', 'Correction'),
('Je 13-02', 393, '18', 'Correction'),
('Je 13-02', 404, '17', 'Correction'),
('Je 13-02', 405, '17', 'Correction'),
('Je 13-02', 406, '18', 'Correction'),
('Je 13-02', 409, '14', 'Correction'),
('Je 13-02', 411, '18', 'Correction'),
('Je 13-02', 412, '19', 'Correction'),
('Je 13-02', 413, '18', 'Correction'),
('Je 13-02', 414, '18', 'Correction'),
('Je 13-02', 415, '18', 'Correction'),
('Je 13-02', 416, '17', 'Correction'),
('Je 13-02', 417, '17', 'Correction'),
('Je 13-02', 418, '18', 'Correction'),
('Je 13-02', 419, '19', 'Correction'),
('Je 13-02', 407, '18', 'Correction'),
('Lu 17-02', 294, '8', 'Retard'),
('Lu 17-02', 299, '9', 'Retard'),
('Lu 17-02', 15, '15', 'Tableau'),
('Lu 17-02', 297, '11', 'Retard'),
('Lu 17-02', 293, '12', 'Tableau'),
('Lu 17-02', 297, '12', 'Tableau'),
('Lu 17-02', 409, '18', 'Correction'),
('Me 05-03', 420, '17', 'Correction'),
('Me 05-03', 421, '20', 'Correction'),
('Me 05-03', 422, '20', 'Correction'),
('Me 05-03', 423, '17', 'Correction'),
('Me 05-03', 425, '14', 'Correction'),
('Me 05-03', 426, '0', 'Correction'),
('Me 05-03', 427, '20', 'Correction'),
('Me 05-03', 428, '14', 'Correction'),
('Me 05-03', 429, '20', 'Correction'),
('Me 05-03', 430, '20', 'Correction'),
('Me 05-03', 432, '17', 'Correction'),
('Me 05-03', 433, '17', 'Correction'),
('Me 05-03', 434, '17', 'Correction'),
('Me 05-03', 435, '20', 'Correction'),
('Lu 10-03', 293, '12.5', 'Tableau'),
('Lu 10-03', 425, '20', 'Correction'),
('Lu 10-03', 426, '20', 'Correction'),
('Lu 17-03', 307, '8', 'Retard'),
('Lu 17-03', 294, '7', 'Retard'),
('Lu 17-03', 307, '9', 'Tableau'),
('Lu 17-03', 293, '13.5', 'Tableau'),
('Lu 17-03', 504, '17', 'Correction'),
('Lu 17-03', 508, '19', 'Correction'),
('Lu 17-03', 511, '14', 'Correction'),
('Lu 17-03', 514, '17', 'Correction'),
('Lu 17-03', 509, '19', 'Correction'),
('Lu 17-03', 502, '5', 'Correction'),
('Lu 17-03', 501, '6', 'Correction'),
('Lu 17-03', 502, '4', 'Correction'),
('Lu 17-03', 507, '17', 'Correction'),
('Lu 17-03', 503, '19', 'Correction'),
('Lu 17-03', 506, '15', 'Correction'),
('Lu 24-03', 299, '8', 'Retard'),
('Lu 24-03', 292, '9', 'Retard'),
('Lu 24-03', 294, '6', 'Retard'),
('Lu 24-03', 307, '10', 'Tableau'),
('Lu 24-03', 299, '9', 'Tableau'),
('Lu 24-03', 501, '11', 'Correction'),
('Ve 28-03', 453, '15', 'Correction'),
('Ve 28-03', 454, '5', 'Correction'),
('Ve 28-03', 457, '0', 'Correction'),
('Ve 28-03', 458, '0', 'Correction'),
('Ve 28-03', 459, '0', 'Correction'),
('Ve 28-03', 460, '20', 'Correction'),
('Ve 28-03', 461, '15', 'Correction'),
('Ve 28-03', 462, '20', 'Correction'),
('Ve 28-03', 464, '20', 'Correction'),
('Ve 28-03', 473, '10', 'Correction'),
('Ve 28-03', 475, '0', 'Correction'),
('Ve 28-03', 476, '20', 'Correction'),
('Ve 28-03', 491, '9', 'Correction'),
('Lu 31-03', 307, '9', 'Retard'),
('Lu 31-03', 299, '8', 'Retard'),
('Lu 31-03', 292, '8', 'Retard'),
('Lu 31-03', 301, '13', 'Tableau'),
('Lu 31-03', 297, '11', 'Retard'),
('Lu 31-03', 294, '5', 'Retard'),
('Lu 31-03', 295, '12', 'Tableau'),
('Lu 31-03', 307, '10', 'Tableau'),
('Lu 31-03', 292, '9', 'Tableau'),
('Lu 31-03', 297, '12', 'Tableau'),
('Lu 07-04', 304, '11', 'Tableau'),
('Lu 07-04', 302, '10.5', 'Tableau'),
('Lu 07-04', 302, '11', 'Tableau'),
('Lu 07-04', 306, '11', 'Tableau'),
('Lu 07-04', 302, '12', 'Tableau'),
('Lu 07-04', 304, '11.5', 'Tableau'),
('Lu 07-04', 304, '12', 'Tableau'),
('Lu 07-04', 304, '12.5', 'Tableau'),
('Lu 07-04', 304, '13', 'Tableau'),
('Lu 07-04', 307, '9', 'Retard'),
('Lu 07-04', 458, '20', 'Correction'),
('Lu 14-04', 294, '4', 'Retard'),
('Lu 14-04', 572, '0', 'Correction'),
('Lu 14-04', 586, 'Nnot', 'Correction'),
('Lu 14-04', 578, '2', 'Correction'),
('Lu 14-04', 577, '7', 'Correction'),
('Lu 14-04', 580, '16', 'Correction'),
('Lu 14-04', 574, '16', 'Correction'),
('Lu 14-04', 583, '13,5', 'Correction'),
('Lu 14-04', 584, '4', 'Correction'),
('Lu 14-04', 581, '18', 'Correction'),
('Lu 14-04', 575, '13', 'Correction'),
('Lu 14-04', 573, '8,5', 'Correction'),
('Lu 14-04', 585, '18', 'Correction'),
('Lu 14-04', 576, '14', 'Correction'),
('Lu 14-04', 579, '20', 'Correction'),
('Me 16-04', 515, 'Nnot', 'Correction'),
('Me 16-04', 516, '17', 'Correction'),
('Me 16-04', 517, 'Nnot', 'Correction'),
('Me 16-04', 518, '18', 'Correction'),
('Me 16-04', 520, '20', 'Correction'),
('Me 16-04', 521, '17', 'Correction'),
('Me 16-04', 521, '0', 'Correction'),
('Me 16-04', 527, '0', 'Correction'),
('Me 16-04', 527, '0', 'Correction'),
('Me 16-04', 522, '15', 'Correction'),
('Me 16-04', 523, '20', 'Correction'),
('Me 16-04', 524, '18', 'Correction'),
('Me 16-04', 525, '18', 'Correction'),
('Me 16-04', 526, '15', 'Correction'),
('Me 16-04', 528, '14', 'Correction'),
('Me 16-04', 529, '20', 'Correction'),
('Me 16-04', 530, 'Nnot', 'Correction'),
('Me 16-04', 531, '15', 'Correction'),
('Me 16-04', 532, '0', 'Correction'),
('Me 16-04', 533, '20', 'Correction'),
('Me 16-04', 535, '20', 'Correction'),
('Me 16-04', 536, '12', 'Correction'),
('Me 16-04', 537, '20', 'Correction'),
('Me 16-04', 538, '20', 'Correction'),
('Me 16-04', 539, '20', 'Correction'),
('Me 16-04', 540, '20', 'Correction'),
('Me 16-04', 542, '20', 'Correction'),
('Me 16-04', 543, '20', 'Correction'),
('Ma 22-04', 552, '20', 'Correction'),
('Lu 05-05', 298, '9', 'Retard'),
('Lu 05-05', 300, '13', 'Tableau'),
('Lu 05-05', 293, '14.5', 'Tableau'),
('Lu 05-05', 293, '15', 'Tableau'),
('Lu 05-05', 306, '12', 'Tableau'),
('Lu 05-05', 294, '3', 'Retard'),
('Lu 05-05', 292, '8', 'Retard'),
('Lu 05-05', 532, 'Nnot', 'Correction'),
('Lu 12-05', 301, '14', 'Tableau'),
('Lu 12-05', 293, '16', 'Tableau'),
('Lu 12-05', 302, '13', 'Tableau'),
('Lu 12-05', 304, '14', 'Tableau'),
('Lu 12-05', 307, '10', 'Tableau'),
('Lu 12-05', 301, '14.5', 'Tableau'),
('Lu 12-05', 297, '13', 'Tableau'),
('Lu 12-05', 307, '11', 'Tableau'),
('Lu 12-05', 304, '14.5', 'Tableau'),
('Lu 12-05', 304, '14.5', 'Tableau'),
('Lu 12-05', 295, '13', 'Tableau'),
('Lu 12-05', 307, '12', 'Tableau'),
('Ma 13-05', 452, '0', 'Correction'),
('Ma 13-05', 468, '0', 'Correction'),
('Ma 13-05', 484, '0', 'Correction'),
('Ma 13-05', 515, '0', 'Correction'),
('Ma 13-05', 530, '0', 'Correction'),
('Ma 13-05', 558, '0', 'Correction'),
('Ma 13-05', 587, '0', 'Correction'),
('Ma 13-05', 541, '0', 'Correction'),
('Ma 13-05', 569, '0', 'Correction'),
('Ma 13-05', 598, '0', 'Correction'),
('Ma 13-05', 612, '0', 'Correction'),
('Ma 13-05', 626, '0', 'Correction'),
('Ma 13-05', 517, '10', 'Correction'),
('Ma 13-05', 532, '4', 'Correction'),
('Ma 13-05', 470, '0', 'Correction'),
('Ma 13-05', 486, '0', 'Correction'),
('Ma 13-05', 560, '0', 'Correction'),
('Ma 13-05', 589, '0', 'Correction'),
('Ma 13-05', 534, '13,5', 'Correction'),
('Ma 13-05', 474, '0', 'Correction'),
('Ma 13-05', 490, '0', 'Correction'),
('Ma 13-05', 592, '0', 'Correction'),
('Ma 13-05', 606, '0', 'Correction'),
('Ma 13-05', 620, '0', 'Correction'),
('Ma 13-05', 593, '0', 'Correction'),
('Ma 13-05', 559, '20', 'Correction'),
('Ma 13-05', 561, '20', 'Correction'),
('Ma 13-05', 562, '20', 'Correction'),
('Ma 13-05', 563, '20', 'Correction'),
('Ma 13-05', 563, '0', 'Correction'),
('Ma 13-05', 570, '0', 'Correction'),
('Ma 13-05', 570, '0', 'Correction'),
('Ma 13-05', 564, '15', 'Correction'),
('Ma 13-05', 565, '20', 'Correction'),
('Ma 13-05', 566, '20', 'Correction'),
('Ma 13-05', 567, '20', 'Correction'),
('Ma 13-05', 568, '20', 'Correction'),
('Ma 13-05', 571, '20', 'Correction'),
('Ma 13-05', 588, '16', 'Correction'),
('Ma 13-05', 590, '20', 'Correction'),
('Ma 13-05', 594, '20', 'Correction'),
('Ma 13-05', 596, '0', 'Correction'),
('Ma 13-05', 597, '20', 'Correction'),
('Ma 13-05', 599, '20', 'Correction'),
('Ma 13-05', 600, '16', 'Correction'),
('Ma 13-05', 602, '20', 'Correction'),
('Ma 13-05', 604, '20', 'Correction'),
('Ma 13-05', 611, '20', 'Correction'),
('Ma 13-05', 613, '20', 'Correction'),
('Ma 13-05', 616, '0', 'Correction'),
('Ma 13-05', 618, '12', 'Correction'),
('Ma 13-05', 623, '2', 'Correction'),
('Ma 13-05', 624, '2', 'Correction'),
('Ma 13-05', 625, '12', 'Correction'),
('Ma 13-05', 627, '12', 'Correction'),
('Me 14-05', 632, '20', 'Correction'),
('Me 14-05', 637, '20', 'Correction'),
('Me 14-05', 641, '20', 'Correction'),
('Me 14-05', 551, '20', 'Correction'),
('Me 14-05', 548, '20', 'Correction'),
('Me 14-05', 447, '0', 'Correction'),
('Me 14-05', 431, '0', 'Correction'),
('Me 14-05', 479, '0', 'Correction'),
('Me 14-05', 485, '0', 'Correction'),
('Je 15-05', 630, '20', 'Correction'),
('Je 15-05', 639, '20', 'Correction'),
('Je 15-05', 616, 'Nnot', 'Correction'),
('Ve 16-05', 570, '20', 'Correction'),
('Lu 19-05', 292, '7', 'Retard'),
('Lu 19-05', 298, '8', 'Retard'),
('Lu 19-05', 293, '16.5', 'Tableau'),
('Lu 19-05', 301, '15', 'Tableau'),
('Lu 19-05', 295, '13.5', 'Tableau'),
('Lu 19-05', 293, '17', 'Tableau'),
('Lu 19-05', 301, '16', 'Tableau');

-- --------------------------------------------------------

--
-- Structure de la table `Periodes`
--

CREATE TABLE `Periodes` (
  `NOM` varchar(50) NOT NULL DEFAULT 'Premier semestre',
  `REF` char(1) NOT NULL DEFAULT '1',
  `ACTIF` char(1) NOT NULL DEFAULT 'N'
) ENGINE=MyISAM DEFAULT CHARSET=latin1;

--
-- Contenu de la table `Periodes`
--

INSERT INTO `Periodes` (`NOM`, `REF`, `ACTIF`) VALUES
('Semestre 1', '1', 'O'),
('Semestre 2', '2', 'O');

-- --------------------------------------------------------

--
-- Structure de la table `photocopies`
--

CREATE TABLE `photocopies` (
  `ID` int(10) unsigned NOT NULL AUTO_INCREMENT,
  `date` varchar(10) NOT NULL,
  `txt` varchar(60) NOT NULL,
  `state` varchar(20) NOT NULL,
  PRIMARY KEY (`ID`)
) ENGINE=MyISAM  DEFAULT CHARSET=latin1 AUTO_INCREMENT=22 ;

--
-- Contenu de la table `photocopies`
--

INSERT INTO `photocopies` (`ID`, `date`, `txt`, `state`) VALUES
(1, 'Lu 07-10', 'DS1 2014', 'Distrib'),
(2, 'Ve 29-11', 'Chap 2', 'Distrib'),
(3, 'Ve 29-11', 'Fiche 2', 'Distrib'),
(4, 'Me 04-12', 'DS2 2013', 'Distrib'),
(5, 'Lu 09-12', 'DS2 2014', 'Distrib'),
(6, 'Lu 09-12', 'Chap 3', 'Distrib'),
(7, 'Lu 09-12', 'Fiche 3', 'Distrib'),
(8, 'Ma 21-01', 'DS3 2013', 'Distrib'),
(9, 'Lu 27-01', 'Chap 4', 'Distrib'),
(10, 'Lu 27-01', 'Fiche 4', 'Distrib'),
(11, 'Me 22-01', 'OHA 1', 'Distrib'),
(12, 'Ve 07-02', 'OHA 2', 'Distrib'),
(13, 'Lu 10-02', 'DS4 2013', 'Distrib'),
(14, 'Ve 21-03', 'DS4 2014', 'Distrib'),
(15, 'Lu 10-03', 'Chap 5', 'Distrib'),
(16, 'Lu 10-03', 'Fiche 5', 'Distrib'),
(17, 'Me 26-03', 'Fiche 6', 'Distrib'),
(18, 'Lu 31-03', 'Fiche 7', 'Distrib'),
(19, 'Lu 07-04', 'Fiche 8', 'Distrib'),
(20, 'Ma 15-04', 'DS5', 'Distrib'),
(21, 'Lu 05-05', 'fiche 9', 'Distrib');

-- --------------------------------------------------------

--
-- Structure de la table `professeurs`
--

CREATE TABLE `professeurs` (
  `Nom` varchar(20) DEFAULT NULL,
  `Passe` varchar(20) DEFAULT NULL
) ENGINE=MyISAM DEFAULT CHARSET=latin1;

--
-- Contenu de la table `professeurs`
--

INSERT INTO `professeurs` (`Nom`, `Passe`) VALUES
('Gatt', 'water');
